timestamp,aerosol_optical_depth,alder_pollen,ammonia,apparent_temperature,birch_pollen,carbon_monoxide,cloud_cover,cloud_cover_high,cloud_cover_low,cloud_cover_mid,dew_point_2m,diffuse_radiation,direct_radiation,dust,et0_fao_evapotranspiration,european_aqi,european_aqi_nitrogen_dioxide,european_aqi_ozone,european_aqi_pm10,european_aqi_pm2_5,european_aqi_sulphur_dioxide,grass_pollen,is_day,mugwort_pollen,nitrogen_dioxide,olive_pollen,ozone,pm10,pm2_5,precipitation,ragweed_pollen,rain,relative_humidity_2m,shortwave_radiation,snow_depth,snowfall,sulphur_dioxide,sunshine_duration,surface_pressure,temperature_2m,terrestrial_radiation,vapour_pressure_deficit,visibility,weather_code,wind_direction_10m,wind_direction_80m,wind_gusts_10m,wind_speed_10m,wind_speed_80m
2024-05-01 00:00:00+00:00,0.35,0.0,0.0,13.7,0.0,967.0,37.0,36.0,0.0,2.0,7.8,0.0,0.0,6.0,0.04,31.0,31.0,2.0,29.0,30.0,1.0,0.0,0.0,0.0,67.8,0.0,6.0,36.6,24.2,0.0,0.0,0.0,60.0,0.0,0.0,0.0,4.5,0.0,948.2,15.6,0.0,0.71,0.0,1.0,313.0,0.0,22.3,9.4,0.0
2024-05-01 01:00:00+00:00,0.35,0.0,0.0,11.5,0.0,951.0,62.0,60.0,0.0,4.0,8.5,0.0,0.0,6.0,0.03,31.0,29.0,2.0,30.0,31.0,1.0,0.0,0.0,0.0,63.1,0.0,6.0,34.5,22.8,0.0,0.0,0.0,71.0,0.0,0.0,0.0,3.9,0.0,947.4,13.6,0.0,0.45,0.0,2.0,347.0,0.0,15.8,11.4,0.0
2024-05-01 02:00:00+00:00,0.35,0.0,0.0,12.9,0.0,913.0,99.0,99.0,0.0,2.0,8.2,0.0,0.0,6.0,0.01,31.0,27.0,3.0,30.0,31.0,1.0,0.0,0.0,0.0,57.2,0.0,7.0,32.1,21.2,0.0,0.0,0.0,67.0,0.0,0.0,0.0,3.3,0.0,947.3,14.3,0.0,0.54,0.0,3.0,34.0,0.0,13.0,6.5,0.0
2024-05-01 03:00:00+00:00,0.33,0.0,0.0,11.0,0.0,842.0,64.0,64.0,0.0,3.0,8.8,0.0,0.0,5.0,0.01,32.0,24.0,2.0,31.0,32.0,1.0,0.0,0.0,0.0,50.0,0.0,6.0,28.3,18.7,0.0,0.0,0.0,78.0,0.0,0.0,0.0,2.7,0.0,947.0,12.5,0.0,0.32,0.0,2.0,21.0,0.0,10.1,8.1,0.0
2024-05-01 04:00:00+00:00,0.29,0.0,0.0,11.7,0.0,748.0,16.0,16.0,0.0,0.0,8.6,0.0,0.0,3.0,0.0,33.0,21.0,2.0,31.0,33.0,0.0,0.0,0.0,0.0,41.6,0.0,5.0,25.0,16.3,0.0,0.0,0.0,76.0,0.0,0.0,0.0,2.1,0.0,947.0,12.6,0.0,0.35,0.0,0.0,323.0,0.0,10.1,3.6,0.0
2024-05-01 05:00:00+00:00,0.26,0.0,0.0,10.7,0.0,535.0,1.0,0.0,0.0,0.0,8.4,0.0,0.0,8.0,0.0,34.0,13.0,11.0,32.0,34.0,0.0,0.0,0.0,0.0,25.9,0.0,27.0,25.7,16.0,0.0,0.0,0.0,79.0,0.0,0.0,0.0,2.3,0.0,947.3,11.9,0.0,0.3,0.0,0.0,292.0,0.0,9.0,5.8,0.0
2024-05-01 06:00:00+00:00,0.22,0.0,0.0,12.7,0.0,531.0,46.0,46.0,0.0,0.0,8.5,13.0,2.0,19.0,0.06,35.0,13.0,18.0,33.0,35.0,1.0,0.0,1.0,0.0,25.3,0.0,46.0,25.6,15.5,0.0,0.0,0.0,65.0,15.0,0.0,0.0,3.6,0.0,947.4,15.1,52.1,0.61,0.0,1.0,320.0,0.0,23.0,13.6,0.0
2024-05-01 07:00:00+00:00,0.2,0.0,0.0,15.4,0.0,524.0,34.0,34.0,0.0,0.0,10.4,84.0,47.0,35.0,0.11,36.0,12.0,29.0,33.0,36.0,1.0,0.0,1.0,0.0,24.3,0.0,72.0,34.5,19.5,0.0,0.0,0.0,65.0,131.0,0.0,0.0,5.5,3600.0,948.6,17.0,313.2,0.68,0.0,1.0,311.0,0.0,22.0,12.0,0.0
2024-05-01 08:00:00+00:00,0.19,0.0,0.0,18.9,0.0,498.0,0.0,0.0,0.0,0.0,11.6,141.0,177.0,45.0,0.21,39.0,11.0,39.0,34.0,37.0,1.0,0.0,1.0,0.0,22.1,0.0,97.0,46.9,21.9,0.0,0.0,0.0,59.0,318.0,0.0,0.0,7.4,3600.0,949.5,19.8,587.4,0.94,0.0,0.0,313.0,0.0,19.4,9.4,0.0
2024-05-01 09:00:00+00:00,0.18,0.0,0.0,20.9,0.0,438.0,1.0,1.0,0.0,0.0,10.8,166.0,360.0,44.0,0.36,52.0,9.0,52.0,36.0,38.0,2.0,0.0,1.0,0.0,17.5,0.0,118.0,47.1,22.5,0.0,0.0,0.0,48.0,526.0,0.0,0.0,9.4,3600.0,950.3,22.1,834.8,1.38,0.0,0.0,316.0,0.0,21.2,9.9,0.0
2024-05-01 10:00:00+00:00,0.19,0.0,0.0,23.0,0.0,361.0,0.0,0.0,0.0,0.0,9.2,189.0,514.0,38.0,0.48,62.0,6.0,62.0,37.0,39.0,2.0,0.0,1.0,0.0,11.7,0.0,139.0,43.7,21.6,0.0,0.0,0.0,40.0,703.0,0.0,0.0,11.3,3600.0,950.8,23.6,1038.6,1.76,0.0,0.0,317.0,0.0,21.6,9.4,0.0
2024-05-01 11:00:00+00:00,0.2,0.0,0.0,24.7,0.0,301.0,0.0,0.0,0.0,0.0,8.8,205.0,630.0,32.0,0.58,65.0,4.0,65.0,37.0,40.0,2.0,0.0,1.0,0.0,7.3,0.0,155.0,40.5,20.8,0.0,0.0,0.0,36.0,835.0,0.0,0.0,12.3,3600.0,951.0,24.7,1185.0,1.98,0.0,0.0,310.0,0.0,22.0,9.4,0.0
2024-05-01 12:00:00+00:00,0.21,0.0,0.0,25.8,0.0,274.0,0.0,0.0,0.0,0.0,8.6,212.0,695.0,28.0,0.64,67.0,3.0,67.0,36.0,40.0,2.0,0.0,1.0,0.0,5.2,0.0,167.0,37.6,20.2,0.0,0.0,0.0,34.0,907.0,0.0,0.0,11.5,3600.0,950.8,25.4,1263.9,2.13,0.0,0.0,307.0,0.0,22.3,9.0,0.0
2024-05-01 13:00:00+00:00,0.21,0.0,0.0,26.6,0.0,265.0,0.0,0.0,0.0,0.0,8.1,212.0,701.0,23.0,0.65,68.0,2.0,68.0,36.0,40.0,2.0,0.0,1.0,0.0,4.5,0.0,176.0,34.6,19.0,0.0,0.0,0.0,32.0,913.0,0.0,0.0,9.8,3600.0,950.5,26.1,1270.0,2.3,0.0,0.0,300.0,0.0,22.0,7.9,0.0
2024-05-01 14:00:00+00:00,0.2,0.0,0.0,26.5,0.0,264.0,2.0,2.0,0.0,0.0,7.7,205.0,647.0,19.0,0.61,69.0,2.0,69.0,35.0,40.0,2.0,0.0,1.0,0.0,4.6,0.0,180.0,31.4,17.8,0.0,0.0,0.0,30.0,852.0,0.0,0.0,8.4,3600.0,950.0,26.4,1202.9,2.39,0.0,0.0,289.0,0.0,20.2,7.6,0.0
2024-05-01 15:00:00+00:00,0.19,0.0,0.0,25.5,0.0,244.0,9.0,9.0,0.0,0.0,7.3,191.0,540.0,15.0,0.54,69.0,2.0,69.0,35.0,40.0,2.0,0.0,1.0,0.0,3.2,0.0,182.0,28.6,16.5,0.0,0.0,0.0,30.0,731.0,0.0,0.0,8.1,3600.0,949.5,26.4,1067.2,2.41,0.0,0.0,294.0,0.0,19.8,8.7,0.0
2024-05-01 16:00:00+00:00,0.18,0.0,0.0,23.9,0.0,231.0,0.0,0.0,0.0,0.0,7.2,174.0,385.0,12.0,0.43,69.0,1.0,69.0,34.0,40.0,2.0,0.0,1.0,0.0,2.8,0.0,178.0,26.1,15.5,0.0,0.0,0.0,31.0,559.0,0.0,0.0,8.2,3600.0,949.3,25.9,872.2,2.32,0.0,0.0,299.0,0.0,19.8,9.5,0.0
2024-05-01 17:00:00+00:00,0.22,0.0,0.0,23.3,0.0,314.0,1.0,1.0,0.0,0.0,9.8,138.0,228.0,27.0,0.29,68.0,5.0,68.0,34.0,39.0,2.0,0.0,1.0,0.0,10.8,0.0,175.0,36.6,19.3,0.0,0.0,0.0,39.0,366.0,0.0,0.0,9.6,3600.0,949.0,24.7,631.2,1.9,0.0,0.0,302.0,0.0,19.1,8.9,0.0
2024-05-01 18:00:00+00:00,0.21,0.0,0.0,22.2,0.0,595.0,0.0,0.0,0.0,0.0,12.9,91.0,77.0,22.0,0.13,61.0,19.0,61.0,34.0,40.0,2.0,0.0,1.0,0.0,37.8,0.0,134.0,36.8,22.3,0.0,0.0,0.0,56.0,168.0,0.0,0.0,9.6,3600.0,948.7,22.1,360.6,1.17,0.0,0.0,303.0,0.0,14.4,6.0,0.0
2024-05-01 19:00:00+00:00,0.18,0.0,0.0,18.5,0.0,982.0,0.0,0.0,0.0,0.0,11.2,22.0,6.0,14.0,0.05,41.0,34.0,30.0,35.0,41.0,2.0,0.0,0.0,0.0,74.7,0.0,76.0,41.4,26.9,0.0,0.0,0.0,61.0,28.0,0.0,0.0,9.7,320.22,948.1,19.0,85.6,0.87,0.0,0.0,286.0,0.0,10.8,6.7,0.0
2024-05-01 20:00:00+00:00,0.17,0.0,0.0,16.4,0.0,1269.0,0.0,0.0,0.0,0.0,11.1,0.0,0.0,8.0,0.04,47.0,47.0,13.0,35.0,42.0,2.0,0.0,0.0,0.0,101.0,0.0,33.0,48.2,32.0,0.0,0.0,0.0,65.0,0.0,0.0,0.0,9.5,0.0,948.4,17.7,0.0,0.7,0.0,0.0,291.0,0.0,17.6,11.2,0.0
2024-05-01 21:00:00+00:00,0.17,0.0,0.0,15.7,0.0,1375.0,0.0,0.0,0.0,0.0,9.4,0.0,0.0,5.0,0.04,52.0,52.0,7.0,36.0,44.0,2.0,0.0,0.0,0.0,107.6,0.0,17.0,50.9,34.1,0.0,0.0,0.0,59.0,0.0,0.0,0.0,9.1,0.0,949.5,17.4,0.0,0.81,0.0,0.0,299.0,0.0,18.4,10.3,0.0
2024-05-01 22:00:00+00:00,0.18,0.0,0.0,14.8,0.0,1381.0,0.0,0.0,0.0,0.0,8.5,0.0,0.0,5.0,0.03,49.0,49.0,6.0,36.0,46.0,2.0,0.0,0.0,0.0,103.6,0.0,15.0,50.6,34.2,0.0,0.0,0.0,59.0,0.0,0.0,0.0,8.6,0.0,949.9,16.5,0.0,0.76,0.0,0.0,310.0,0.0,16.6,8.4,0.0
2024-05-01 23:00:00+00:00,0.18,0.0,0.0,13.8,0.0,1329.0,0.0,0.0,0.0,0.0,8.1,0.0,0.0,4.0,0.02,47.0,43.0,7.0,37.0,47.0,2.0,0.0,0.0,0.0,94.6,0.0,17.0,48.7,33.2,0.0,0.0,0.0,62.0,0.0,0.0,0.0,7.8,0.0,949.8,15.3,0.0,0.65,0.0,0.0,340.0,0.0,13.3,7.3,0.0
2024-05-02 00:00:00+00:00,0.18,0.0,0.0,12.5,0.0,1208.0,0.0,0.0,0.0,0.0,8.1,0.0,0.0,3.0,0.02,49.0,36.0,8.0,37.0,49.0,1.0,0.0,0.0,0.0,80.2,0.0,21.0,43.7,30.0,0.0,0.0,0.0,67.0,0.0,0.0,0.0,6.6,0.0,949.6,14.3,0.0,0.55,0.0,0.0,339.0,0.0,11.5,8.9,0.0
2024-05-02 01:00:00+00:00,0.18,0.0,0.0,12.4,0.0,1028.0,8.0,8.0,0.0,0.0,7.6,0.0,0.0,2.0,0.02,50.0,28.0,12.0,37.0,50.0,1.0,0.0,0.0,0.0,60.9,0.0,29.0,37.7,26.0,0.0,0.0,0.0,64.0,0.0,0.0,0.0,5.1,0.0,948.9,14.2,0.0,0.58,0.0,0.0,326.0,0.0,11.5,7.8,0.0
2024-05-02 02:00:00+00:00,0.19,0.0,0.0,11.8,0.0,860.0,0.0,0.0,0.0,0.0,7.4,0.0,0.0,2.0,0.02,50.0,22.0,14.0,38.0,50.0,1.0,0.0,0.0,0.0,44.4,0.0,36.0,32.8,22.5,0.0,0.0,0.0,66.0,0.0,0.0,0.0,4.0,0.0,948.4,13.7,0.0,0.54,0.0,0.0,331.0,0.0,10.8,8.2,0.0
2024-05-02 03:00:00+00:00,0.19,0.0,0.0,11.0,0.0,706.0,0.0,0.0,0.0,0.0,7.4,0.0,0.0,2.0,0.02,50.0,16.0,17.0,38.0,50.0,1.0,0.0,0.0,0.0,32.5,0.0,42.0,29.0,19.8,0.0,0.0,0.0,69.0,0.0,0.0,0.0,3.5,0.0,948.0,13.1,0.0,0.47,0.0,0.0,347.0,0.0,11.5,9.6,0.0
2024-05-02 04:00:00+00:00,0.18,0.0,0.0,10.8,0.0,564.0,0.0,0.0,0.0,0.0,7.3,0.0,0.0,2.0,0.02,51.0,12.0,19.0,38.0,51.0,1.0,0.0,0.0,0.0,23.3,0.0,47.0,25.9,17.6,0.0,0.0,0.0,69.0,0.0,0.0,0.0,3.5,0.0,947.6,12.9,0.0,0.46,0.0,0.0,353.0,0.0,11.9,9.4,0.0
2024-05-02 05:00:00+00:00,0.18,0.0,0.0,14.6,0.0,600.0,0.0,0.0,0.0,0.0,6.1,0.0,0.0,3.0,0.0,51.0,13.0,12.0,38.0,51.0,0.0,0.0,0.0,0.0,25.3,0.0,29.0,19.0,12.7,0.0,0.0,0.0,52.0,0.0,0.0,0.0,2.3,0.0,948.4,15.9,0.0,0.87,0.0,0.0,270.0,0.0,10.8,2.5,0.0
2024-05-02 06:00:00+00:00,0.17,0.0,0.0,16.2,0.0,692.0,0.0,0.0,0.0,0.0,9.9,14.0,3.0,4.0,0.02,50.0,15.0,14.0,37.0,50.0,1.0,0.0,1.0,0.0,29.9,0.0,36.0,20.4,13.4,0.0,0.0,0.0,64.0,17.0,0.0,0.0,3.0,0.0,949.3,16.8,54.9,0.68,0.0,0.0,236.0,0.0,6.1,3.9,0.0
2024-05-02 07:00:00+00:00,0.17,0.0,0.0,18.0,0.0,812.0,0.0,0.0,0.0,0.0,11.3,81.0,58.0,6.0,0.09,50.0,18.0,19.0,37.0,50.0,1.0,0.0,1.0,0.0,35.7,0.0,47.0,26.8,17.5,0.0,0.0,0.0,64.0,139.0,0.0,0.0,4.0,3600.0,950.2,18.3,317.2,0.76,0.0,0.0,300.0,0.0,9.0,5.0,0.0
2024-05-02 08:00:00+00:00,0.17,0.0,0.0,21.2,0.0,850.0,0.0,0.0,0.0,0.0,12.3,132.0,198.0,8.0,0.21,50.0,18.0,26.0,37.0,50.0,1.0,0.0,1.0,0.0,37.0,0.0,65.0,33.8,21.9,0.0,0.0,0.0,57.0,330.0,0.0,0.0,5.3,3600.0,951.3,21.1,590.8,1.07,0.0,0.0,285.0,0.0,11.9,4.1,0.0
2024-05-02 09:00:00+00:00,0.18,0.0,0.0,23.1,0.0,728.0,0.0,0.0,0.0,0.0,12.6,166.0,363.0,9.0,0.36,50.0,15.0,39.0,36.0,50.0,1.0,0.0,1.0,0.0,29.2,0.0,98.0,36.2,22.5,0.0,0.0,0.0,51.0,529.0,0.0,0.0,7.4,3600.0,952.4,23.4,837.7,1.42,0.0,0.0,287.0,0.0,17.3,7.5,0.0
2024-05-02 10:00:00+00:00,0.21,0.0,0.0,25.5,0.0,524.0,0.0,0.0,0.0,0.0,12.3,189.0,513.0,9.0,0.5,62.0,8.0,62.0,36.0,50.0,2.0,0.0,1.0,0.0,16.8,0.0,139.0,36.8,23.6,0.0,0.0,0.0,44.0,702.0,0.0,0.0,9.9,3600.0,952.6,25.3,1041.0,1.79,0.0,0.0,301.0,0.0,21.6,9.7,0.0
2024-05-02 11:00:00+00:00,0.22,0.0,0.0,27.8,0.0,364.0,0.0,0.0,0.0,0.0,12.1,204.0,627.0,10.0,0.6,67.0,4.0,67.0,36.0,50.0,2.0,0.0,1.0,0.0,7.3,0.0,169.0,37.6,24.2,0.0,0.0,0.0,40.0,831.0,0.0,0.0,11.2,3600.0,952.5,27.0,1186.9,2.14,0.0,0.0,304.0,0.0,22.0,9.6,0.0
2024-05-02 12:00:00+00:00,0.23,0.0,0.0,29.0,0.0,300.0,0.0,0.0,0.0,0.0,11.1,211.0,690.0,12.0,0.67,69.0,2.0,69.0,35.0,50.0,2.0,0.0,1.0,0.0,3.9,0.0,178.0,38.5,24.3,0.0,0.0,0.0,35.0,901.0,0.0,0.0,10.3,3600.0,952.0,28.1,1265.5,2.48,0.0,0.0,295.0,0.0,22.7,10.3,0.0
2024-05-02 13:00:00+00:00,0.23,0.0,0.0,29.3,0.0,281.0,0.0,0.0,0.0,0.0,11.3,213.0,695.0,14.0,0.68,68.0,2.0,68.0,36.0,51.0,2.0,0.0,1.0,0.0,3.5,0.0,175.0,38.2,23.7,0.0,0.0,0.0,34.0,908.0,0.0,0.0,8.2,3600.0,951.5,28.5,1271.5,2.55,0.0,0.0,293.0,0.0,24.5,11.0,0.0
2024-05-02 14:00:00+00:00,0.22,0.0,0.0,29.5,0.0,277.0,37.0,37.0,0.0,0.0,11.6,205.0,643.0,15.0,0.64,67.0,2.0,67.0,36.0,52.0,1.0,0.0,1.0,0.0,4.3,0.0,170.0,36.8,22.5,0.0,0.0,0.0,35.0,848.0,0.0,0.0,6.7,3600.0,950.7,28.7,1204.4,2.57,0.0,1.0,291.0,0.0,24.1,10.0,0.0
2024-05-02 15:00:00+00:00,0.21,0.0,0.0,28.8,0.0,253.0,68.0,68.0,0.0,0.0,11.8,192.0,537.0,15.0,0.56,67.0,2.0,67.0,36.0,53.0,1.0,0.0,1.0,0.0,3.2,0.0,170.0,36.2,22.1,0.0,0.0,0.0,35.0,729.0,0.0,0.0,6.7,3600.0,950.1,28.7,1068.9,2.55,0.0,2.0,290.0,0.0,22.0,10.4,0.0
2024-05-02 16:00:00+00:00,0.2,0.0,0.0,27.7,0.0,244.0,1.0,1.0,0.0,0.0,11.9,172.0,390.0,15.0,0.44,67.0,2.0,67.0,36.0,54.0,1.0,0.0,1.0,0.0,3.2,0.0,167.0,35.7,21.7,0.0,0.0,0.0,36.0,562.0,0.0,0.0,7.3,3600.0,949.6,28.4,874.1,2.48,0.0,0.0,293.0,0.0,21.2,9.0,0.0
2024-05-02 17:00:00+00:00,0.21,0.0,0.0,27.8,0.0,353.0,0.0,0.0,0.0,0.0,14.2,139.0,227.0,13.0,0.29,69.0,6.0,69.0,37.0,55.0,2.0,0.0,1.0,0.0,11.7,0.0,178.0,35.7,22.2,0.0,0.0,0.0,44.0,366.0,0.0,0.0,9.8,3600.0,949.4,27.5,633.5,2.04,0.0,0.0,282.0,0.0,18.0,7.0,0.0
2024-05-02 18:00:00+00:00,0.23,0.0,0.0,25.0,0.0,589.0,97.0,97.0,0.0,0.0,14.6,93.0,75.0,11.0,0.16,62.0,17.0,62.0,37.0,55.0,2.0,0.0,1.0,0.0,33.7,0.0,139.0,44.0,29.0,0.0,0.0,0.0,53.0,168.0,0.0,0.0,9.3,3600.0,949.6,24.8,363.4,1.47,0.0,3.0,270.0,0.0,15.1,9.0,0.0
2024-05-02 19:00:00+00:00,0.23,0.0,0.0,22.0,0.0,916.0,0.0,0.0,0.0,0.0,13.6,24.0,5.0,8.0,0.08,56.0,30.0,34.0,37.0,56.0,2.0,0.0,0.0,0.0,64.0,0.0,85.0,46.8,31.7,0.0,0.0,0.0,58.0,29.0,0.0,0.0,8.5,12.58,949.3,22.4,88.2,1.14,0.0,0.0,282.0,0.0,17.3,10.7,0.0
2024-05-02 20:00:00+00:00,0.23,0.0,0.0,20.2,0.0,1179.0,0.0,0.0,0.0,0.0,13.1,0.0,0.0,5.0,0.04,57.0,38.0,17.0,37.0,57.0,2.0,0.0,0.0,0.0,86.1,0.0,43.0,47.6,32.4,0.0,0.0,0.0,62.0,0.0,0.0,0.0,7.8,0.0,949.7,20.7,0.0,0.94,0.0,0.0,300.0,0.0,17.6,10.0,0.0
2024-05-02 21:00:00+00:00,0.25,0.0,0.0,18.7,0.0,1338.0,0.0,0.0,0.0,0.0,11.9,0.0,0.0,4.0,0.03,57.0,43.0,9.0,37.0,57.0,1.0,0.0,0.0,0.0,93.9,0.0,23.0,50.2,34.2,0.0,0.0,0.0,62.0,0.0,0.0,0.0,7.2,0.0,950.2,19.3,0.0,0.85,0.0,0.0,317.0,0.0,16.6,8.4,0.0
2024-05-02 22:00:00+00:00,0.26,0.0,0.0,17.2,0.0,1432.0,22.0,22.0,0.0,0.0,11.0,0.0,0.0,3.0,0.03,57.0,42.0,6.0,37.0,57.0,1.0,0.0,0.0,0.0,93.6,0.0,14.0,51.5,35.6,0.0,0.0,0.0,63.0,0.0,0.0,0.0,6.7,0.0,950.2,18.0,0.0,0.76,0.0,1.0,337.0,0.0,13.0,8.2,0.0
2024-05-02 23:00:00+00:00,0.26,0.0,0.0,15.3,0.0,1427.0,4.0,4.0,0.0,0.0,11.2,0.0,0.0,2.0,0.03,57.0,39.0,5.0,37.0,57.0,1.0,0.0,0.0,0.0,87.3,0.0,12.0,49.1,34.1,0.0,0.0,0.0,71.0,0.0,0.0,0.0,6.1,0.0,950.1,16.5,0.0,0.54,0.0,0.0,346.0,0.0,12.6,10.7,0.0
2024-05-03 00:00:00+00:00,0.25,0.0,0.0,14.7,0.0,1262.0,100.0,100.0,0.0,0.0,11.1,0.0,0.0,2.0,0.02,58.0,33.0,8.0,37.0,58.0,1.0,0.0,0.0,0.0,72.4,0.0,19.0,43.9,30.4,0.0,0.0,0.0,74.0,0.0,0.0,0.0,5.4,0.0,949.4,15.8,0.0,0.47,0.0,3.0,2.0,0.0,12.6,10.1,0.0
2024-05-03 01:00:00+00:00,0.24,0.0,0.0,15.2,0.0,997.0,100.0,100.0,0.0,0.0,10.8,0.0,0.0,2.0,0.01,58.0,25.0,14.0,37.0,58.0,1.0,0.0,0.0,0.0,51.5,0.0,34.0,38.2,26.4,0.0,0.0,0.0,72.0,0.0,0.0,0.0,4.7,0.0,949.1,15.8,0.0,0.5,0.0,3.0,310.0,0.0,11.5,5.6,0.0
2024-05-03 02:00:00+00:00,0.23,0.0,0.0,15.5,0.0,774.0,99.0,99.0,0.0,0.0,10.6,0.0,0.0,2.0,0.01,58.0,17.0,18.0,37.0,58.0,1.0,0.0,0.0,0.0,34.7,0.0,44.0,32.8,22.7,0.0,0.0,0.0,70.0,0.0,0.0,0.0,4.1,0.0,949.0,16.0,0.0,0.55,0.0,3.0,286.0,0.0,6.8,5.2,0.0
2024-05-03 03:00:00+00:00,0.23,0.0,0.0,15.6,0.0,628.0,100.0,100.0,0.0,0.0,10.6,0.0,0.0,2.0,0.01,58.0,13.0,18.0,37.0,58.0,1.0,0.0,0.0,0.0,25.1,0.0,46.0,27.9,19.2,0.0,0.0,0.0,69.0,0.0,0.0,0.0,3.5,0.0,948.9,16.2,0.0,0.57,0.0,3.0,342.0,0.0,6.5,5.7,0.0
2024-05-03 04:00:00+00:00,0.23,0.0,0.0,15.3,0.0,524.0,80.0,80.0,0.0,0.0,11.1,0.0,0.0,2.0,0.02,58.0,10.0,17.0,37.0,58.0,1.0,0.0,0.0,0.0,19.5,0.0,43.0,23.9,16.4,0.0,0.0,0.0,72.0,0.0,0.0,0.0,3.1,0.0,948.3,16.1,0.0,0.51,0.0,3.0,27.0,0.0,10.1,8.0,0.0
2024-05-03 05:00:00+00:00,0.23,0.0,0.0,18.4,0.0,639.0,62.0,62.0,0.0,0.0,10.9,0.0,0.0,3.0,0.0,57.0,13.0,6.0,37.0,57.0,0.0,0.0,0.0,0.0,25.8,0.0,16.0,18.2,12.3,0.0,0.0,0.0,62.0,0.0,0.0,0.0,1.7,0.0,949.0,18.4,0.0,0.8,0.0,2.0,233.0,0.0,9.0,1.8,0.0
2024-05-03 06:00:00+00:00,0.23,0.0,0.0,19.5,0.0,764.0,100.0,100.0,0.0,0.0,12.1,14.0,3.0,4.0,0.02,57.0,16.0,7.0,37.0,57.0,0.0,0.0,1.0,0.0,31.6,0.0,18.0,21.0,13.8,0.0,0.0,0.0,63.0,17.0,0.0,0.0,1.9,0.0,950.1,19.2,57.6,0.82,0.0,3.0,98.0,0.0,2.5,2.5,0.0
2024-05-03 07:00:00+00:00,0.24,0.0,0.0,20.6,0.0,927.0,80.0,80.0,0.0,0.0,13.6,83.0,55.0,6.0,0.1,57.0,20.0,9.0,37.0,57.0,0.0,0.0,1.0,0.0,39.2,0.0,23.0,29.2,18.9,0.0,0.0,0.0,66.0,138.0,0.0,0.0,2.4,3600.0,950.5,20.2,321.1,0.8,0.0,3.0,4.0,0.0,9.4,5.4,0.0
2024-05-03 08:00:00+00:00,0.23,0.0,0.0,24.2,0.0,985.0,100.0,100.0,0.0,0.0,14.9,141.0,184.0,8.0,0.21,58.0,21.0,16.0,37.0,58.0,1.0,0.0,1.0,0.0,41.5,0.0,41.0,37.1,24.3,0.0,0.0,0.0,60.0,325.0,0.0,0.0,4.3,3600.0,951.4,23.1,594.1,1.13,0.0,3.0,61.0,0.0,11.9,3.7,0.0
2024-05-03 09:00:00+00:00,0.23,0.0,0.0,27.1,0.0,831.0,100.0,100.0,0.0,0.0,16.3,199.0,306.0,12.0,0.35,58.0,17.0,34.0,37.0,58.0,2.0,0.0,1.0,0.0,33.4,0.0,84.0,43.2,26.2,0.0,0.0,0.0,57.0,505.0,0.0,0.0,8.9,3600.0,951.8,25.4,840.4,1.38,0.0,3.0,144.0,0.0,11.9,3.1,0.0
2024-05-03 10:00:00+00:00,0.25,0.0,0.0,29.0,0.0,571.0,100.0,100.0,0.0,0.0,16.9,321.0,263.0,17.0,0.42,62.0,10.0,62.0,38.0,59.0,3.0,0.0,1.0,0.0,20.0,0.0,141.0,46.2,28.1,0.0,0.0,0.0,54.0,584.0,0.0,0.0,14.8,3600.0,951.9,26.8,1043.3,1.6,0.0,3.0,159.0,0.0,13.0,3.1,0.0
2024-05-03 11:00:00+00:00,0.28,0.0,0.0,30.5,0.0,379.0,100.0,100.0,0.0,16.0,17.0,406.0,222.0,20.0,0.47,69.0,5.0,69.0,38.0,59.0,4.0,0.0,1.0,0.0,10.1,0.0,182.0,50.5,30.9,0.0,0.0,0.0,51.0,628.0,0.0,0.0,19.0,3600.0,951.8,28.2,1188.8,1.89,0.0,3.0,209.0,0.0,14.0,4.5,0.0
2024-05-03 12:00:00+00:00,0.31,0.0,0.0,30.1,0.0,304.0,100.0,100.0,0.0,56.0,17.2,418.0,103.0,20.0,0.42,73.0,3.0,73.0,38.0,60.0,4.0,0.0,1.0,0.0,5.3,0.0,199.0,53.4,32.8,0.0,0.0,0.0,50.0,521.0,0.0,0.0,19.8,1483.36,951.6,28.6,1267.1,1.95,0.0,3.0,245.0,0.0,17.3,7.6,0.0
2024-05-03 13:00:00+00:00,0.36,0.0,0.0,30.1,0.0,297.0,100.0,100.0,0.0,91.0,17.1,413.0,59.0,19.0,0.4,73.0,2.0,73.0,39.0,60.0,4.0,0.0,1.0,0.0,3.9,0.0,200.0,53.0,32.8,0.0,0.0,0.0,49.0,472.0,0.0,0.0,18.7,72.14,951.2,28.8,1272.9,2.0,0.0,3.0,268.0,0.0,17.6,8.3,0.0
2024-05-03 14:00:00+00:00,0.42,0.0,0.0,29.2,0.0,378.0,100.0,100.0,0.0,99.0,17.6,322.0,60.0,17.0,0.34,71.0,5.0,71.0,40.0,61.0,4.0,0.0,1.0,0.0,10.3,0.0,189.0,52.5,32.9,0.0,0.0,0.0,53.0,382.0,0.0,0.0,17.6,209.74,951.2,28.1,1205.9,1.79,0.0,3.0,287.0,0.0,21.2,11.3,0.0
2024-05-03 15:00:00+00:00,0.44,0.0,0.0,27.7,0.0,562.0,100.0,100.0,0.0,100.0,17.8,214.0,6.0,15.0,0.24,65.0,14.0,65.0,41.0,61.0,3.0,0.0,1.0,0.0,29.0,0.0,159.0,53.6,34.0,0.0,0.0,0.0,58.0,220.0,0.0,0.0,16.8,0.0,951.1,26.8,1070.5,1.49,0.0,3.0,304.0,0.0,23.8,13.5,0.0
2024-05-03 16:00:00+00:00,0.45,0.0,0.0,26.9,0.0,835.0,100.0,100.0,0.0,100.0,18.0,147.0,2.0,12.0,0.18,61.0,26.0,51.0,42.0,61.0,3.0,0.0,1.0,0.0,55.5,0.0,117.0,57.5,37.5,0.0,0.0,0.0,62.0,149.0,0.0,0.0,15.9,0.0,950.7,25.9,876.0,1.27,0.0,3.0,311.0,0.0,23.8,12.5,0.0
2024-05-03 17:00:00+00:00,0.45,0.0,0.0,25.4,0.0,919.0,100.0,100.0,0.0,100.0,17.0,90.0,0.0,14.0,0.15,62.0,28.0,41.0,44.0,62.0,4.0,0.0,1.0,0.0,60.5,0.0,102.0,67.5,44.2,0.0,0.0,0.0,61.0,90.0,0.0,0.0,17.8,0.0,950.8,25.0,635.8,1.23,0.0,3.0,300.0,0.0,24.1,14.5,0.0
2024-05-03 18:00:00+00:00,0.45,0.0,0.0,24.0,0.0,908.0,100.0,100.0,0.0,99.0,14.2,57.0,0.0,14.0,0.14,63.0,27.0,39.0,47.0,63.0,3.0,0.0,1.0,0.0,56.3,0.0,97.0,67.8,45.5,0.0,0.0,0.0,52.0,57.0,0.0,0.0,15.7,0.0,951.5,24.6,366.2,1.47,0.0,3.0,311.0,0.0,23.4,13.3,0.0
2024-05-03 19:00:00+00:00,0.53,0.0,0.0,22.3,0.0,894.0,100.0,98.0,0.0,72.0,14.6,5.0,0.0,15.0,0.13,63.0,24.0,36.0,49.0,63.0,3.0,0.0,0.0,0.0,50.5,0.0,89.0,68.2,45.5,0.0,0.0,0.0,58.0,5.0,0.0,0.0,12.7,0.0,951.7,23.3,90.8,1.19,0.0,3.0,319.0,0.0,29.5,17.6,0.0
2024-05-03 20:00:00+00:00,0.43,0.0,0.0,21.8,0.0,892.0,96.0,90.0,0.0,67.0,13.4,0.0,0.0,15.0,0.07,64.0,23.0,32.0,50.0,64.0,2.0,0.0,0.0,0.0,47.0,0.0,79.0,68.7,44.8,0.0,0.0,0.0,56.0,0.0,0.0,0.0,10.4,0.0,952.2,22.6,0.0,1.2,0.0,3.0,333.0,0.0,29.5,12.9,0.0
2024-05-03 21:00:00+00:00,0.3,0.0,0.0,20.7,0.0,939.0,100.0,100.0,0.0,47.0,12.6,0.0,0.0,14.0,0.03,64.0,24.0,26.0,52.0,64.0,2.0,0.0,0.0,0.0,49.5,0.0,64.0,70.5,46.0,0.0,0.0,0.0,59.0,0.0,0.0,0.0,9.5,0.0,952.4,21.0,0.0,1.02,0.0,3.0,343.0,0.0,21.2,7.5,0.0
2024-05-03 22:00:00+00:00,0.33,0.0,0.0,19.7,0.0,998.0,100.0,100.0,0.0,48.0,12.6,0.0,0.0,12.0,0.04,65.0,26.0,19.0,54.0,65.0,2.0,0.0,0.0,0.0,54.2,0.0,47.0,66.8,43.7,0.0,0.0,0.0,61.0,0.0,0.0,0.0,9.2,0.0,953.2,20.4,0.0,0.93,0.0,3.0,298.0,0.0,15.1,9.8,0.0
2024-05-03 23:00:00+00:00,0.43,0.0,0.0,18.8,0.0,979.0,91.0,90.0,0.0,26.0,13.8,0.0,0.0,12.0,0.04,65.0,25.0,16.0,55.0,65.0,2.0,0.0,0.0,0.0,53.5,0.0,41.0,66.4,43.5,0.0,0.0,0.0,70.0,0.0,0.0,0.0,8.7,0.0,953.9,19.3,0.0,0.66,0.0,3.0,286.0,0.0,23.8,12.0,0.0
2024-05-04 00:00:00+00:00,0.58,0.0,0.0,18.2,0.0,809.0,100.0,100.0,0.0,90.0,15.0,0.0,0.0,14.0,0.01,65.0,21.0,22.0,57.0,65.0,1.0,0.0,0.0,0.0,41.5,0.0,54.0,61.2,39.0,1.3,0.0,1.3,83.0,0.0,0.0,0.0,7.4,0.0,954.8,18.0,0.0,0.35,0.0,61.0,305.0,0.0,19.1,10.1,0.0
2024-05-04 01:00:00+00:00,0.77,0.0,0.0,18.0,0.0,560.0,72.0,52.0,0.0,52.0,15.4,0.0,0.0,17.0,0.01,65.0,12.0,31.0,58.0,65.0,1.0,0.0,0.0,0.0,24.0,0.0,78.0,50.8,30.4,1.1,0.0,1.1,84.0,0.0,0.0,0.0,5.9,0.0,954.2,18.1,0.0,0.33,0.0,55.0,5.0,0.0,25.6,13.4,0.0
2024-05-04 02:00:00+00:00,0.76,0.0,0.0,17.9,0.0,361.0,18.0,17.0,0.0,2.0,13.5,0.0,0.0,18.0,0.02,66.0,5.0,38.0,59.0,66.0,1.0,0.0,0.0,0.0,10.7,0.0,95.0,44.1,26.8,0.0,0.0,0.0,74.0,0.0,0.0,0.0,4.6,0.0,953.4,18.2,0.0,0.54,0.0,0.0,345.0,0.0,25.2,10.0,0.0
2024-05-04 03:00:00+00:00,0.74,0.0,0.0,16.4,0.0,258.0,65.0,48.0,0.0,34.0,13.8,0.0,0.0,17.0,0.02,66.0,3.0,40.0,60.0,66.0,1.0,0.0,0.0,0.0,5.4,0.0,100.0,40.5,24.8,0.0,0.0,0.0,81.0,0.0,0.0,0.0,3.6,0.0,952.4,17.1,0.0,0.37,0.0,2.0,309.0,0.0,22.0,13.0,0.0
2024-05-04 04:00:00+00:00,0.81,0.0,0.0,16.1,0.0,206.0,100.0,16.0,0.0,100.0,12.9,0.0,0.0,14.0,0.02,66.0,2.0,40.0,60.0,66.0,1.0,0.0,0.0,0.0,4.1,0.0,99.0,32.2,19.8,0.0,0.0,0.0,77.0,0.0,0.0,0.0,2.8,0.0,952.2,17.0,0.0,0.45,0.0,3.0,301.0,0.0,20.9,12.6,0.0
2024-05-04 05:00:00+00:00,0.73,0.0,0.0,16.2,0.0,203.0,58.0,2.0,0.0,58.0,12.3,0.0,0.0,14.0,0.03,66.0,3.0,38.0,60.0,66.0,1.0,0.0,0.0,0.0,5.5,0.0,96.0,36.0,22.4,0.0,0.0,0.0,72.0,0.0,0.0,0.0,2.9,0.0,952.7,17.3,0.0,0.54,0.0,2.0,295.0,0.0,22.0,12.7,0.0
2024-05-04 06:00:00+00:00,0.74,0.0,0.0,20.9,0.0,296.0,100.0,4.0,0.0,100.0,11.6,10.0,1.0,10.0,0.07,66.0,6.0,33.0,61.0,66.0,1.0,0.0,1.0,0.0,11.9,0.0,83.0,30.6,19.6,0.0,0.0,0.0,53.0,11.0,0.0,0.0,3.0,0.0,954.1,21.5,60.4,1.2,0.0,3.0,243.0,0.0,13.7,7.2,0.0
2024-05-04 07:00:00+00:00,0.78,0.0,0.0,18.8,0.0,420.0,63.0,29.0,0.0,49.0,14.0,80.0,23.0,6.0,0.12,66.0,10.0,27.0,61.0,66.0,1.0,0.0,1.0,0.0,20.4,0.0,67.0,27.5,18.1,0.0,0.0,0.0,68.0,103.0,0.0,0.0,3.2,1058.76,955.1,20.0,324.9,0.74,0.0,2.0,298.0,0.0,27.7,17.1,0.0
2024-05-04 08:00:00+00:00,0.8,0.0,0.0,21.4,0.0,488.0,60.0,37.0,0.0,53.0,15.3,132.0,88.0,10.0,0.19,66.0,12.0,24.0,61.0,66.0,1.0,0.0,1.0,0.0,24.9,0.0,60.0,30.3,19.4,0.0,0.0,0.0,66.0,220.0,0.0,0.0,3.7,3600.0,955.0,22.0,597.3,0.91,0.0,2.0,341.0,0.0,28.8,16.7,0.0
2024-05-04 09:00:00+00:00,0.86,0.0,0.0,22.4,0.0,443.0,71.0,65.0,0.0,30.0,14.1,183.0,175.0,28.0,0.3,66.0,11.0,29.0,61.0,66.0,1.0,0.0,1.0,0.0,21.4,0.0,73.0,33.8,19.3,0.0,0.0,0.0,55.0,358.0,0.0,0.0,4.6,3600.0,955.9,23.6,843.1,1.31,0.0,2.0,312.0,0.0,32.8,17.8,0.0
2024-05-04 10:00:00+00:00,0.85,0.0,0.0,24.7,0.0,342.0,59.0,42.0,0.0,30.0,13.8,236.0,412.0,54.0,0.49,66.0,7.0,38.0,60.0,66.0,1.0,0.0,1.0,0.0,13.8,0.0,95.0,43.5,20.0,0.0,0.0,0.0,47.0,648.0,0.0,0.0,5.8,3600.0,956.0,25.9,1045.5,1.76,0.0,2.0,337.0,0.0,36.4,19.5,0.0
2024-05-04 11:00:00+00:00,0.84,0.0,0.0,27.2,0.0,262.0,21.0,14.0,0.0,7.0,14.2,267.0,430.0,82.0,0.55,66.0,4.0,49.0,60.0,66.0,1.0,0.0,1.0,0.0,7.8,0.0,114.0,59.8,22.5,0.0,0.0,0.0,44.0,697.0,0.0,0.0,6.8,3600.0,955.6,27.5,1190.6,2.06,0.0,1.0,353.0,0.0,36.4,17.4,0.0
2024-05-04 12:00:00+00:00,0.82,0.0,0.0,29.4,0.0,234.0,55.0,22.0,0.0,42.0,14.6,241.0,562.0,113.0,0.62,66.0,3.0,57.0,61.0,66.0,2.0,0.0,1.0,0.0,5.3,0.0,125.0,77.8,27.4,0.0,0.0,0.0,42.0,803.0,0.0,0.0,7.5,3600.0,955.2,28.7,1268.7,2.27,0.0,2.0,357.0,0.0,33.8,14.8,0.0
2024-05-04 13:00:00+00:00,0.8,0.0,0.0,29.8,0.0,228.0,51.0,36.0,0.0,24.0,13.4,251.0,479.0,145.0,0.59,65.0,2.0,60.0,61.0,65.0,2.0,0.0,1.0,0.0,4.2,0.0,132.0,91.7,30.4,0.0,0.0,0.0,37.0,730.0,0.0,0.0,7.9,3600.0,954.7,29.4,1274.3,2.57,0.0,2.0,349.0,0.0,28.8,11.4,0.0
2024-05-04 14:00:00+00:00,0.77,0.0,0.0,30.2,0.0,232.0,18.0,15.0,0.0,3.0,12.4,260.0,460.0,166.0,0.57,65.0,2.0,61.0,62.0,65.0,2.0,0.0,1.0,0.0,4.3,0.0,136.0,101.7,31.4,0.0,0.0,0.0,34.0,720.0,0.0,0.0,8.3,3600.0,953.8,29.8,1207.3,2.75,0.0,0.0,26.0,0.0,23.4,9.2,0.0
2024-05-04 15:00:00+00:00,0.71,0.0,0.0,29.9,0.0,215.0,6.0,6.0,0.0,0.0,12.3,210.0,470.0,172.0,0.54,65.0,2.0,62.0,62.0,65.0,2.0,0.0,1.0,0.0,3.0,0.0,139.0,102.2,31.1,0.0,0.0,0.0,34.0,680.0,0.0,0.0,8.6,3600.0,953.2,29.8,1072.1,2.76,0.0,0.0,59.0,0.0,22.0,9.7,0.0
2024-05-04 16:00:00+00:00,0.69,0.0,0.0,29.4,0.0,209.0,23.0,23.0,0.0,0.0,12.4,174.0,366.0,166.0,0.43,65.0,1.0,61.0,63.0,65.0,2.0,0.0,1.0,0.0,2.7,0.0,138.0,99.4,30.3,0.0,0.0,0.0,34.0,540.0,0.0,0.0,8.8,3600.0,952.5,29.7,877.9,2.74,0.0,1.0,87.0,0.0,19.8,7.2,0.0
2024-05-04 17:00:00+00:00,0.43,0.0,0.0,29.7,0.0,300.0,49.0,49.0,0.0,0.0,14.4,138.0,207.0,40.0,0.27,65.0,6.0,51.0,64.0,65.0,2.0,0.0,1.0,0.0,11.3,0.0,116.0,41.6,19.7,0.0,0.0,0.0,41.0,345.0,0.0,0.0,7.5,3600.0,952.1,29.0,638.1,2.38,0.0,1.0,111.0,0.0,14.8,5.0,0.0
2024-05-04 18:00:00+00:00,0.43,0.0,0.0,27.5,0.0,676.0,5.0,5.0,0.0,0.0,15.4,91.0,71.0,36.0,0.14,64.0,19.0,33.0,64.0,64.0,2.0,0.0,1.0,0.0,38.6,0.0,83.0,51.1,26.1,0.0,0.0,0.0,50.0,162.0,0.0,0.0,8.4,3600.0,952.4,26.5,369.0,1.72,0.0,0.0,285.0,0.0,7.9,5.6,0.0
2024-05-04 19:00:00+00:00,0.42,0.0,0.0,23.3,0.0,1194.0,0.0,0.0,0.0,0.0,13.6,23.0,6.0,30.0,0.11,63.0,34.0,15.0,63.0,63.0,2.0,0.0,0.0,0.0,75.9,0.0,38.0,61.7,36.0,0.0,0.0,0.0,52.0,29.0,0.0,0.0,9.6,261.33,952.1,24.1,93.5,1.45,0.0,0.0,298.0,0.0,22.0,13.8,0.0
2024-05-04 20:00:00+00:00,0.41,0.0,0.0,21.9,0.0,1569.0,0.0,0.0,0.0,0.0,13.6,0.0,0.0,24.0,0.09,63.0,47.0,2.0,63.0,63.0,2.0,0.0,0.0,0.0,100.9,0.0,5.0,65.0,39.9,0.0,0.0,0.0,55.0,0.0,0.0,0.0,10.1,0.0,952.0,23.0,0.0,1.27,0.0,0.0,299.0,0.0,25.6,15.6,0.0
2024-05-04 21:00:00+00:00,0.4,0.0,0.0,21.1,0.0,1681.0,0.0,0.0,0.0,0.0,13.4,0.0,0.0,19.0,0.08,63.0,48.0,0.0,63.0,63.0,2.0,0.0,0.0,0.0,102.1,0.0,0.0,63.6,40.3,0.0,0.0,0.0,58.0,0.0,0.0,0.0,9.4,0.0,952.4,22.1,0.0,1.13,0.0,0.0,302.0,0.0,25.9,14.4,0.0
2024-05-04 22:00:00+00:00,0.38,0.0,0.0,20.6,0.0,1651.0,1.0,0.0,0.0,1.0,13.1,0.0,0.0,14.0,0.07,63.0,41.0,0.0,63.0,63.0,2.0,0.0,0.0,0.0,90.9,0.0,0.0,59.5,38.5,0.0,0.0,0.0,59.0,0.0,0.0,0.0,8.0,0.0,952.1,21.5,0.0,1.06,0.0,0.0,304.0,0.0,23.8,13.0,0.0
2024-05-04 23:00:00+00:00,0.37,0.0,0.0,20.2,0.0,1561.0,0.0,0.0,0.0,0.0,12.9,0.0,0.0,10.0,0.06,63.0,36.0,0.0,63.0,63.0,1.0,0.0,0.0,0.0,79.6,0.0,1.0,53.4,35.3,0.0,0.0,0.0,59.0,0.0,0.0,0.0,6.6,0.0,952.2,21.1,0.0,1.02,0.0,0.0,304.0,0.0,21.6,12.2,0.0
2024-05-05 00:00:00+00:00,0.37,0.0,0.0,19.7,0.0,1417.0,0.0,0.0,0.0,0.0,12.8,0.0,0.0,8.0,0.05,63.0,33.0,0.0,63.0,62.0,1.0,0.0,0.0,0.0,72.2,0.0,1.0,44.9,29.8,0.0,0.0,0.0,61.0,0.0,0.0,0.0,5.4,0.0,951.6,20.5,0.0,0.94,0.0,0.0,308.0,0.0,20.5,11.8,0.0
2024-05-05 01:00:00+00:00,0.35,0.0,0.0,19.4,0.0,1214.0,1.0,1.0,0.0,0.0,12.7,0.0,0.0,7.0,0.05,62.0,30.0,1.0,62.0,62.0,1.0,0.0,0.0,0.0,64.7,0.0,2.0,36.3,24.0,0.0,0.0,0.0,62.0,0.0,0.0,0.0,4.3,0.0,950.8,20.1,0.0,0.88,0.0,0.0,314.0,0.0,19.8,10.9,0.0
2024-05-05 02:00:00+00:00,0.34,0.0,0.0,19.0,0.0,1019.0,8.0,8.0,0.0,0.0,12.6,0.0,0.0,6.0,0.04,62.0,27.0,2.0,62.0,62.0,1.0,0.0,0.0,0.0,56.7,0.0,5.0,28.8,18.9,0.0,0.0,0.0,64.0,0.0,0.0,0.0,3.5,0.0,949.9,19.7,0.0,0.84,0.0,0.0,314.0,0.0,18.0,10.4,0.0
2024-05-05 03:00:00+00:00,0.33,0.0,0.0,18.5,0.0,831.0,1.0,1.0,0.0,0.0,12.4,0.0,0.0,5.0,0.04,62.0,23.0,5.0,62.0,62.0,1.0,0.0,0.0,0.0,46.9,0.0,12.0,22.2,14.6,0.0,0.0,0.0,64.0,0.0,0.0,0.0,3.1,0.0,949.4,19.4,0.0,0.82,0.0,0.0,308.0,0.0,18.4,11.0,0.0
2024-05-05 04:00:00+00:00,0.31,0.0,0.0,18.0,0.0,652.0,0.0,0.0,0.0,0.0,12.1,0.0,0.0,3.0,0.06,62.0,18.0,8.0,62.0,61.0,1.0,0.0,0.0,0.0,36.5,0.0,21.0,16.8,11.0,0.0,0.0,0.0,63.0,0.0,0.0,0.0,3.0,0.0,949.0,19.4,0.0,0.83,0.0,0.0,303.0,0.0,22.7,13.8,0.0
2024-05-05 05:00:00+00:00,0.29,0.0,0.0,17.7,0.0,470.0,0.0,0.0,0.0,0.0,11.7,0.0,0.0,0.0,0.07,61.0,13.0,9.0,61.0,61.0,0.0,0.0,0.0,0.0,26.2,0.0,22.0,10.2,7.1,0.0,0.0,0.0,61.0,0.0,0.0,0.0,2.2,0.0,949.1,19.5,0.0,0.88,0.0,0.0,309.0,0.0,26.6,15.9,0.0
2024-05-05 06:00:00+00:00,0.27,0.0,0.0,18.6,0.0,562.0,0.0,0.0,0.0,0.0,11.6,16.0,3.0,0.0,0.09,61.0,14.0,10.0,61.0,60.0,1.0,0.0,1.0,0.0,27.9,0.0,25.0,10.9,7.6,0.0,0.0,0.0,57.0,19.0,0.0,0.0,2.6,0.0,949.7,20.4,63.1,1.04,0.0,0.0,313.0,0.0,28.8,15.3,0.0
2024-05-05 07:00:00+00:00,0.27,0.0,0.0,20.6,0.0,683.0,0.0,0.0,0.0,0.0,12.9,83.0,56.0,0.0,0.16,61.0,15.0,12.0,61.0,60.0,1.0,0.0,1.0,0.0,29.9,0.0,30.0,14.4,10.1,0.0,0.0,0.0,56.0,139.0,0.0,0.0,3.1,3600.0,950.2,22.0,328.5,1.16,0.0,0.0,311.0,0.0,26.3,15.8,0.0
2024-05-05 08:00:00+00:00,0.27,0.0,0.0,24.3,0.0,731.0,0.0,0.0,0.0,0.0,14.4,134.0,190.0,0.0,0.26,60.0,15.0,18.0,60.0,58.0,1.0,0.0,1.0,0.0,29.2,0.0,44.0,19.3,13.5,0.0,0.0,0.0,53.0,324.0,0.0,0.0,4.1,3600.0,950.5,24.6,600.4,1.47,0.0,0.0,314.0,0.0,25.6,12.5,0.0
2024-05-05 09:00:00+00:00,0.27,0.0,0.0,26.1,0.0,637.0,0.0,0.0,0.0,0.0,14.2,168.0,350.0,11.0,0.42,60.0,12.0,30.0,60.0,57.0,1.0,0.0,1.0,0.0,23.2,0.0,76.0,18.8,12.6,0.0,0.0,0.0,46.0,518.0,0.0,0.0,6.0,3600.0,950.8,26.9,845.7,1.91,0.0,0.0,314.0,0.0,27.4,14.5,0.0
2024-05-05 10:00:00+00:00,0.28,0.0,0.0,27.9,0.0,470.0,0.0,0.0,0.0,0.0,14.2,191.0,496.0,27.0,0.54,60.0,7.0,52.0,60.0,56.0,2.0,0.0,1.0,0.0,14.5,0.0,118.0,27.1,14.6,0.0,0.0,0.0,43.0,687.0,0.0,0.0,8.3,3600.0,950.8,28.1,1047.6,2.19,0.0,0.0,311.0,0.0,31.3,16.3,0.0
2024-05-05 11:00:00+00:00,0.29,0.0,0.0,29.4,0.0,339.0,0.0,0.0,0.0,0.0,15.4,207.0,606.0,43.0,0.63,63.0,4.0,63.0,58.0,55.0,2.0,0.0,1.0,0.0,7.8,0.0,149.0,37.3,15.9,0.0,0.0,0.0,44.0,813.0,0.0,0.0,9.7,3600.0,950.3,28.9,1192.3,2.23,0.0,0.0,302.0,0.0,33.8,17.5,0.0
2024-05-05 12:00:00+00:00,0.29,0.0,0.0,30.5,0.0,286.0,0.0,0.0,0.0,0.0,15.2,215.0,667.0,60.0,0.69,66.0,2.0,66.0,56.0,54.0,2.0,0.0,1.0,0.0,4.9,0.0,161.0,44.6,16.6,0.0,0.0,0.0,42.0,882.0,0.0,0.0,9.2,3600.0,950.2,29.5,1270.1,2.4,0.0,0.0,302.0,0.0,34.9,17.5,0.0
2024-05-05 13:00:00+00:00,0.27,0.0,0.0,31.1,0.0,269.0,1.0,1.0,0.0,0.0,14.9,215.0,673.0,78.0,0.7,66.0,2.0,66.0,54.0,53.0,2.0,0.0,1.0,0.0,4.0,0.0,163.0,49.4,16.6,0.0,0.0,0.0,40.0,888.0,0.0,0.0,7.8,3600.0,949.6,30.1,1275.7,2.57,0.0,0.0,304.0,0.0,34.2,16.6,0.0
2024-05-05 14:00:00+00:00,0.26,0.0,0.0,31.3,0.0,266.0,6.0,6.0,0.0,0.0,14.6,208.0,620.0,92.0,0.67,66.0,2.0,66.0,50.0,50.0,1.0,0.0,1.0,0.0,4.2,0.0,161.0,54.2,16.8,0.0,0.0,0.0,38.0,828.0,0.0,0.0,6.7,3600.0,948.9,30.5,1208.6,2.69,0.0,0.0,300.0,0.0,32.8,15.0,0.0
2024-05-05 15:00:00+00:00,0.25,0.0,0.0,30.7,0.0,245.0,17.0,17.0,0.0,0.0,14.4,194.0,517.0,104.0,0.59,66.0,1.0,66.0,46.0,48.0,1.0,0.0,1.0,0.0,2.9,0.0,162.0,60.1,17.1,0.0,0.0,0.0,38.0,711.0,0.0,0.0,6.6,3600.0,948.3,30.4,1073.6,2.7,0.0,0.0,295.0,0.0,29.5,13.9,0.0
2024-05-05 16:00:00+00:00,0.25,0.0,0.0,29.0,0.0,237.0,24.0,23.0,0.0,0.0,14.2,175.0,368.0,112.0,0.48,65.0,1.0,65.0,43.0,45.0,1.0,0.0,1.0,0.0,2.7,0.0,159.0,62.4,16.1,0.0,0.0,0.0,38.0,543.0,0.0,0.0,6.9,3600.0,948.1,29.9,879.7,2.6,0.0,1.0,294.0,0.0,28.1,15.3,0.0
2024-05-05 17:00:00+00:00,0.18,0.0,0.0,28.7,0.0,298.0,11.0,10.0,0.0,1.0,15.1,141.0,213.0,90.0,0.33,62.0,5.0,62.0,40.0,43.0,1.0,0.0,1.0,0.0,10.6,0.0,141.0,51.2,15.1,0.0,0.0,0.0,43.0,354.0,0.0,0.0,6.7,3600.0,947.9,29.0,640.4,2.28,0.0,0.0,294.0,0.0,28.1,13.4,0.0
2024-05-05 18:00:00+00:00,0.17,0.0,0.0,27.0,0.0,504.0,3.0,2.0,0.0,1.0,14.8,92.0,75.0,73.0,0.21,47.0,15.0,47.0,40.0,42.0,1.0,0.0,1.0,0.0,30.4,0.0,111.0,45.8,18.6,0.0,0.0,0.0,46.0,167.0,0.0,0.0,6.6,3600.0,947.8,27.4,371.7,1.96,0.0,0.0,296.0,0.0,24.8,13.2,0.0
2024-05-05 19:00:00+00:00,0.17,0.0,0.0,25.0,0.0,790.0,2.0,0.0,0.0,2.0,13.9,24.0,6.0,48.0,0.1,41.0,27.0,28.0,40.0,41.0,1.0,0.0,0.0,0.0,57.7,0.0,69.0,44.8,23.0,0.0,0.0,0.0,49.0,30.0,0.0,0.0,6.5,241.86,947.8,25.2,96.2,1.63,0.0,0.0,298.0,0.0,22.0,10.6,0.0
2024-05-05 20:00:00+00:00,0.17,0.0,0.0,23.7,0.0,1022.0,3.0,2.0,0.0,1.0,13.5,0.0,0.0,30.0,0.06,39.0,35.0,14.0,39.0,39.0,1.0,0.0,0.0,0.0,78.3,0.0,36.0,47.1,26.4,0.0,0.0,0.0,52.0,0.0,0.0,0.0,6.4,0.0,947.8,23.9,0.0,1.41,0.0,0.0,307.0,0.0,17.3,9.0,0.0
2024-05-05 21:00:00+00:00,0.16,0.0,0.0,22.0,0.0,1163.0,3.0,3.0,0.0,0.0,13.6,0.0,0.0,23.0,0.04,39.0,39.0,8.0,38.0,38.0,1.0,0.0,0.0,0.0,87.0,0.0,19.0,49.5,28.6,0.0,0.0,0.0,59.0,0.0,0.0,0.0,6.4,0.0,947.9,22.0,0.0,1.09,0.0,0.0,317.0,0.0,14.0,7.9,0.0
2024-05-05 22:00:00+00:00,0.16,0.0,0.0,20.2,0.0,1250.0,0.0,0.0,0.0,0.0,13.9,0.0,0.0,23.0,0.03,40.0,40.0,4.0,38.0,37.0,1.0,0.0,0.0,0.0,89.1,0.0,10.0,50.6,29.5,0.0,0.0,0.0,67.0,0.0,0.0,0.0,6.4,0.0,947.6,20.2,0.0,0.78,0.0,0.0,324.0,0.0,11.5,9.3,0.0
2024-05-05 23:00:00+00:00,0.16,0.0,0.0,19.1,0.0,1262.0,0.0,0.0,0.0,0.0,13.6,0.0,0.0,22.0,0.03,38.0,38.0,2.0,38.0,37.0,1.0,0.0,0.0,0.0,85.9,0.0,6.0,48.4,29.0,0.0,0.0,0.0,69.0,0.0,0.0,0.0,6.2,0.0,947.6,19.5,0.0,0.71,0.0,0.0,319.0,0.0,11.9,10.0,0.0
2024-05-06 00:00:00+00:00,0.16,0.0,0.0,19.3,0.0,1162.0,0.0,0.0,0.0,0.0,12.9,0.0,0.0,19.0,0.03,37.0,34.0,3.0,37.0,36.0,1.0,0.0,0.0,0.0,75.8,0.0,8.0,42.7,26.1,0.0,0.0,0.0,65.0,0.0,0.0,0.0,5.5,0.0,947.5,19.7,0.0,0.81,0.0,0.0,320.0,0.0,11.9,8.9,0.0
2024-05-06 01:00:00+00:00,0.15,0.0,0.0,19.9,0.0,986.0,0.0,0.0,0.0,0.0,12.5,0.0,0.0,17.0,0.03,37.0,28.0,6.0,37.0,36.0,1.0,0.0,0.0,0.0,60.6,0.0,15.0,36.2,22.1,0.0,0.0,0.0,61.0,0.0,0.0,0.0,4.6,0.0,947.2,20.1,0.0,0.91,0.0,0.0,313.0,0.0,10.4,7.4,0.0
2024-05-06 02:00:00+00:00,0.15,0.0,0.0,19.5,0.0,820.0,0.0,0.0,0.0,0.0,12.7,0.0,0.0,15.0,0.02,37.0,23.0,9.0,37.0,36.0,1.0,0.0,0.0,0.0,46.8,0.0,22.0,31.0,18.3,0.0,0.0,0.0,65.0,0.0,0.0,0.0,3.8,0.0,946.9,19.5,0.0,0.81,0.0,0.0,304.0,0.0,8.6,6.5,0.0
2024-05-06 03:00:00+00:00,0.14,0.0,0.0,18.1,0.0,669.0,0.0,0.0,0.0,0.0,13.0,0.0,0.0,14.0,0.02,37.0,18.0,11.0,37.0,36.0,1.0,0.0,0.0,0.0,35.8,0.0,27.0,26.4,15.3,0.0,0.0,0.0,71.0,0.0,0.0,0.0,3.3,0.0,946.8,18.4,0.0,0.61,0.0,0.0,304.0,0.0,9.7,8.3,0.0
2024-05-06 04:00:00+00:00,0.14,0.0,0.0,17.7,0.0,527.0,0.0,0.0,0.0,0.0,13.1,0.0,0.0,14.0,0.02,37.0,13.0,13.0,37.0,36.0,1.0,0.0,0.0,0.0,26.2,0.0,33.0,22.4,12.5,0.0,0.0,0.0,73.0,0.0,0.0,0.0,3.1,0.0,947.0,18.0,0.0,0.56,0.0,0.0,312.0,0.0,10.1,8.7,0.0
2024-05-06 05:00:00+00:00,0.16,0.0,0.0,17.8,0.0,625.0,0.0,0.0,0.0,0.0,13.1,0.0,0.0,11.0,0.02,38.0,15.0,5.0,38.0,36.0,0.0,0.0,0.0,0.0,30.7,0.0,13.0,18.6,10.7,0.0,0.0,0.0,73.0,0.0,0.0,0.0,2.1,0.0,947.2,18.0,0.0,0.57,0.0,0.0,317.0,0.0,10.4,8.4,0.0
2024-05-06 06:00:00+00:00,0.15,0.0,0.0,22.7,0.0,663.0,0.0,0.0,0.0,0.0,13.6,17.0,3.0,18.0,0.03,38.0,16.0,10.0,38.0,36.0,1.0,0.0,1.0,0.0,31.7,0.0,26.0,20.5,11.4,0.0,0.0,0.0,59.0,20.0,0.0,0.0,2.8,0.0,948.7,22.1,65.9,1.11,0.0,0.0,322.0,0.0,7.9,4.1,0.0
2024-05-06 07:00:00+00:00,0.15,0.0,0.0,24.6,0.0,709.0,0.0,0.0,0.0,0.0,15.5,84.0,59.0,27.0,0.1,38.0,16.0,18.0,38.0,36.0,1.0,0.0,1.0,0.0,32.7,0.0,45.0,29.5,15.6,0.0,0.0,0.0,62.0,143.0,0.0,0.0,3.9,3600.0,949.4,23.2,332.1,1.09,0.0,0.0,283.0,0.0,7.2,3.3,0.0
2024-05-06 08:00:00+00:00,0.15,0.0,0.0,27.6,0.0,704.0,0.0,0.0,0.0,0.0,17.0,134.0,196.0,37.0,0.22,39.0,16.0,27.0,39.0,37.0,1.0,0.0,1.0,0.0,31.1,0.0,68.0,39.3,19.2,0.0,0.0,0.0,60.0,330.0,0.0,0.0,5.6,3600.0,950.4,25.5,603.5,1.32,0.0,0.0,293.0,0.0,10.1,2.7,0.0
2024-05-06 09:00:00+00:00,0.16,0.0,0.0,30.8,0.0,598.0,0.0,0.0,0.0,0.0,18.4,167.0,358.0,48.0,0.37,40.0,12.0,40.0,40.0,37.0,2.0,0.0,1.0,0.0,24.3,0.0,100.0,49.0,19.7,0.0,0.0,0.0,56.0,525.0,0.0,0.0,8.8,3600.0,951.0,27.9,848.2,1.65,0.0,0.0,270.0,0.0,10.4,1.1,0.0
2024-05-06 10:00:00+00:00,0.18,0.0,0.0,34.0,0.0,440.0,0.0,0.0,0.0,0.0,18.9,190.0,506.0,60.0,0.51,61.0,7.0,61.0,42.0,38.0,3.0,0.0,1.0,0.0,14.8,0.0,136.0,51.6,20.9,0.0,0.0,0.0,52.0,696.0,0.0,0.0,12.6,3600.0,951.2,30.0,1049.6,2.05,0.0,0.0,259.0,0.0,11.5,1.8,0.0
2024-05-06 11:00:00+00:00,0.2,0.0,0.0,35.9,0.0,319.0,0.0,0.0,0.0,0.0,18.6,206.0,616.0,68.0,0.62,66.0,4.0,66.0,44.0,38.0,3.0,0.0,1.0,0.0,7.6,0.0,163.0,53.4,21.7,0.0,0.0,0.0,47.0,822.0,0.0,0.0,14.8,3600.0,951.4,31.5,1194.0,2.46,0.0,0.0,270.0,0.0,14.0,3.6,0.0
2024-05-06 12:00:00+00:00,0.21,0.0,0.0,36.6,0.0,273.0,0.0,0.0,0.0,0.0,18.0,214.0,676.0,71.0,0.7,68.0,2.0,68.0,46.0,39.0,3.0,0.0,1.0,0.0,4.7,0.0,176.0,54.1,21.8,0.0,0.0,0.0,42.0,890.0,0.0,0.0,13.8,3600.0,951.4,32.5,1271.5,2.81,0.0,0.0,280.0,0.0,17.3,6.2,0.0
2024-05-06 13:00:00+00:00,0.22,0.0,0.0,36.6,0.0,263.0,0.0,0.0,0.0,0.0,17.0,214.0,681.0,72.0,0.7,69.0,2.0,69.0,47.0,39.0,2.0,0.0,1.0,0.0,4.0,0.0,180.0,53.0,20.4,0.0,0.0,0.0,39.0,895.0,0.0,0.0,11.2,3600.0,951.1,32.9,1277.0,3.06,0.0,0.0,280.0,0.0,18.0,6.2,0.0
2024-05-06 14:00:00+00:00,0.23,0.0,0.0,36.0,0.0,265.0,1.0,0.0,0.0,1.0,16.2,209.0,606.0,71.0,0.65,69.0,2.0,69.0,47.0,40.0,2.0,0.0,1.0,0.0,4.5,0.0,181.0,52.0,20.1,0.0,0.0,0.0,36.0,815.0,0.0,0.0,9.3,3600.0,950.9,33.1,1210.0,3.22,0.0,0.0,270.0,0.0,17.6,5.8,0.0
2024-05-06 15:00:00+00:00,0.25,0.0,0.0,34.4,0.0,239.0,1.0,1.0,0.0,1.0,15.6,204.0,459.0,70.0,0.54,70.0,1.0,70.0,47.0,40.0,2.0,0.0,1.0,0.0,2.8,0.0,184.0,51.9,20.4,0.0,0.0,0.0,36.0,663.0,0.0,0.0,9.0,3600.0,950.4,32.8,1075.1,3.22,0.0,0.0,255.0,0.0,16.9,7.1,0.0
2024-05-06 16:00:00+00:00,0.27,0.0,0.0,33.2,0.0,225.0,8.0,6.0,0.0,2.0,15.5,174.0,360.0,68.0,0.45,70.0,1.0,70.0,46.0,40.0,2.0,0.0,1.0,0.0,2.3,0.0,183.0,50.9,20.4,0.0,0.0,0.0,36.0,534.0,0.0,0.0,9.3,3600.0,950.1,32.4,881.6,3.1,0.0,0.0,281.0,0.0,16.9,7.3,0.0
2024-05-06 17:00:00+00:00,0.25,0.0,0.0,33.0,0.0,383.0,3.0,2.0,0.0,1.0,17.8,144.0,196.0,40.0,0.31,65.0,9.0,65.0,45.0,41.0,2.0,0.0,1.0,0.0,17.3,0.0,155.0,40.2,19.0,0.0,0.0,0.0,44.0,340.0,0.0,0.0,8.4,3600.0,949.8,31.4,642.6,2.56,0.0,0.0,272.0,0.0,15.8,8.3,0.0
2024-05-06 18:00:00+00:00,0.24,0.0,0.0,30.0,0.0,624.0,0.0,0.0,0.0,0.0,16.6,94.0,77.0,32.0,0.19,53.0,20.0,53.0,44.0,42.0,2.0,0.0,1.0,0.0,41.0,0.0,119.0,39.7,22.1,0.0,0.0,0.0,47.0,171.0,0.0,0.0,8.3,3600.0,949.8,29.0,374.5,2.12,0.0,0.0,297.0,0.0,18.4,9.7,0.0
2024-05-06 19:00:00+00:00,0.23,0.0,0.0,26.5,0.0,956.0,1.0,1.0,0.0,0.0,15.4,25.0,7.0,22.0,0.08,44.0,33.0,28.0,44.0,42.0,2.0,0.0,0.0,0.0,73.4,0.0,69.0,43.0,26.3,0.0,0.0,0.0,52.0,32.0,0.0,0.0,8.1,512.54,949.5,26.0,98.9,1.6,0.0,0.0,308.0,0.0,15.5,8.7,0.0
2024-05-06 20:00:00+00:00,0.2,0.0,0.0,25.2,0.0,1210.0,0.0,0.0,0.0,0.0,14.7,0.0,0.0,14.0,0.06,44.0,44.0,12.0,43.0,43.0,2.0,0.0,0.0,0.0,96.0,0.0,30.0,46.6,29.7,0.0,0.0,0.0,53.0,0.0,0.0,0.0,7.8,0.0,949.5,24.9,0.0,1.48,0.0,0.0,305.0,0.0,15.5,8.8,0.0
2024-05-06 21:00:00+00:00,0.18,0.0,0.0,22.6,0.0,1331.0,0.0,0.0,0.0,0.0,14.0,0.0,0.0,11.0,0.04,47.0,47.0,5.0,43.0,43.0,1.0,0.0,0.0,0.0,101.0,0.0,13.0,48.1,31.0,0.0,0.0,0.0,59.0,0.0,0.0,0.0,7.4,0.0,949.5,22.5,0.0,1.12,0.0,0.0,319.0,0.0,14.8,7.7,0.0
2024-05-06 22:00:00+00:00,0.16,0.0,0.0,20.2,0.0,1374.0,0.0,0.0,0.0,0.0,13.1,0.0,0.0,10.0,0.04,44.0,44.0,3.0,43.0,44.0,1.0,0.0,0.0,0.0,96.3,0.0,7.0,47.5,30.6,0.0,0.0,0.0,62.0,0.0,0.0,0.0,6.8,0.0,949.3,20.7,0.0,0.93,0.0,0.0,337.0,0.0,12.2,10.2,0.0
2024-05-06 23:00:00+00:00,0.14,0.0,0.0,19.6,0.0,1331.0,0.0,0.0,0.0,0.0,12.7,0.0,0.0,9.0,0.04,44.0,39.0,3.0,43.0,44.0,1.0,0.0,0.0,0.0,86.9,0.0,7.0,43.4,28.6,0.0,0.0,0.0,62.0,0.0,0.0,0.0,6.1,0.0,949.2,20.1,0.0,0.88,0.0,0.0,342.0,0.0,12.2,9.1,0.0
2024-05-07 00:00:00+00:00,0.13,0.0,0.0,19.4,0.0,1162.0,0.0,0.0,0.0,0.0,12.3,0.0,0.0,8.0,0.03,44.0,33.0,6.0,43.0,44.0,1.0,0.0,0.0,0.0,71.8,0.0,14.0,36.4,24.2,0.0,0.0,0.0,62.0,0.0,0.0,0.0,5.2,0.0,948.8,19.9,0.0,0.89,0.0,0.0,347.0,0.0,11.2,8.1,0.0
2024-05-07 01:00:00+00:00,0.12,0.0,0.0,19.2,0.0,907.0,0.0,0.0,0.0,0.0,11.6,0.0,0.0,8.0,0.04,44.0,25.0,11.0,42.0,44.0,1.0,0.0,0.0,0.0,52.0,0.0,27.0,29.2,19.0,0.0,0.0,0.0,59.0,0.0,0.0,0.0,4.2,0.0,948.3,19.9,0.0,0.96,0.0,0.0,331.0,0.0,9.7,8.2,0.0
2024-05-07 02:00:00+00:00,0.11,0.0,0.0,19.0,0.0,684.0,0.0,0.0,0.0,0.0,11.1,0.0,0.0,8.0,0.05,43.0,18.0,15.0,41.0,43.0,1.0,0.0,0.0,0.0,35.4,0.0,38.0,23.7,15.0,0.0,0.0,0.0,56.0,0.0,0.0,0.0,3.4,0.0,948.2,20.0,0.0,1.02,0.0,0.0,324.0,0.0,10.8,9.3,0.0
2024-05-07 03:00:00+00:00,0.11,0.0,0.0,18.8,0.0,511.0,0.0,0.0,0.0,0.0,9.9,0.0,0.0,7.0,0.06,43.0,12.0,17.0,41.0,43.0,1.0,0.0,0.0,0.0,24.3,0.0,43.0,19.3,11.8,0.0,0.0,0.0,51.0,0.0,0.0,0.0,2.8,0.0,948.2,20.3,0.0,1.16,0.0,0.0,333.0,0.0,11.5,10.1,0.0
2024-05-07 04:00:00+00:00,0.1,0.0,0.0,18.6,0.0,370.0,0.0,0.0,0.0,0.0,8.7,0.0,0.0,7.0,0.07,42.0,8.0,18.0,40.0,42.0,0.0,0.0,0.0,0.0,16.5,0.0,46.0,15.4,9.3,0.0,0.0,0.0,47.0,0.0,0.0,0.0,2.4,0.0,948.6,20.5,0.0,1.29,0.0,0.0,322.0,0.0,12.2,10.5,0.0
2024-05-07 05:00:00+00:00,0.13,0.0,0.0,19.0,0.0,473.0,0.0,0.0,0.0,0.0,7.6,0.0,0.0,7.0,0.07,41.0,10.0,14.0,40.0,41.0,0.0,0.0,0.0,0.0,20.5,0.0,34.0,15.4,9.2,0.0,0.0,0.0,42.0,0.0,0.0,0.0,2.1,0.0,948.8,21.0,0.0,1.45,0.0,0.0,307.0,0.0,12.2,9.5,0.0
2024-05-07 06:00:00+00:00,0.12,0.0,0.0,22.5,0.0,572.0,0.0,0.0,0.0,0.0,8.9,17.0,4.0,10.0,0.02,41.0,13.0,15.0,40.0,41.0,0.0,0.0,1.0,0.0,25.6,0.0,38.0,17.0,9.7,0.0,0.0,0.0,40.0,21.0,0.0,0.0,2.3,0.0,950.2,23.0,68.6,1.68,0.0,0.0,281.0,0.0,4.0,1.8,0.0
2024-05-07 07:00:00+00:00,0.12,0.0,0.0,24.4,0.0,703.0,0.0,0.0,0.0,0.0,12.1,86.0,62.0,13.0,0.1,41.0,16.0,18.0,40.0,41.0,1.0,0.0,1.0,0.0,32.2,0.0,44.0,23.7,13.0,0.0,0.0,0.0,47.0,148.0,0.0,0.0,2.8,3600.0,950.8,24.1,335.5,1.59,0.0,0.0,279.0,0.0,5.0,2.2,0.0
2024-05-07 08:00:00+00:00,0.12,0.0,0.0,27.9,0.0,752.0,0.0,0.0,0.0,0.0,14.5,136.0,203.0,18.0,0.22,41.0,17.0,24.0,39.0,41.0,1.0,0.0,1.0,0.0,34.4,0.0,60.0,31.8,18.3,0.0,0.0,0.0,48.0,339.0,0.0,0.0,4.3,3600.0,951.7,26.5,606.3,1.82,0.0,0.0,180.0,0.0,7.2,0.7,0.0
2024-05-07 09:00:00+00:00,0.13,0.0,0.0,30.8,0.0,642.0,0.0,0.0,0.0,0.0,15.8,170.0,367.0,24.0,0.38,40.0,14.0,37.0,39.0,40.0,2.0,0.0,1.0,0.0,27.9,0.0,93.0,37.7,17.9,0.0,0.0,0.0,44.0,537.0,0.0,0.0,8.3,3600.0,952.6,29.1,850.5,2.24,0.0,0.0,243.0,0.0,9.7,1.6,0.0
2024-05-07 10:00:00+00:00,0.15,0.0,0.0,33.9,0.0,451.0,0.0,0.0,0.0,0.0,16.2,193.0,516.0,31.0,0.54,61.0,8.0,61.0,39.0,40.0,3.0,0.0,1.0,0.0,17.0,0.0,135.0,40.0,19.6,0.0,0.0,0.0,40.0,709.0,0.0,0.0,13.3,3600.0,952.9,31.4,1051.5,2.74,0.0,0.0,280.0,0.0,13.3,4.0,0.0
2024-05-07 11:00:00+00:00,0.17,0.0,0.0,35.9,0.0,304.0,0.0,0.0,0.0,0.0,14.9,208.0,628.0,35.0,0.66,67.0,4.0,67.0,38.0,40.0,3.0,0.0,1.0,0.0,8.5,0.0,167.0,41.4,21.1,0.0,0.0,0.0,33.0,836.0,0.0,0.0,16.2,3600.0,952.9,33.3,1195.5,3.42,0.0,0.0,293.0,0.0,16.2,5.5,0.0
2024-05-07 12:00:00+00:00,0.21,0.0,0.0,36.5,0.0,252.0,0.0,0.0,0.0,0.0,12.8,217.0,690.0,35.0,0.74,69.0,2.0,69.0,38.0,40.0,3.0,0.0,1.0,0.0,5.0,0.0,182.0,39.3,20.1,0.0,0.0,0.0,27.0,907.0,0.0,0.0,14.9,3600.0,953.0,34.6,1272.8,4.03,0.0,0.0,298.0,0.0,18.7,7.7,0.0
2024-05-07 13:00:00+00:00,0.24,0.0,0.0,36.5,0.0,244.0,0.0,0.0,0.0,0.0,12.1,218.0,695.0,33.0,0.76,70.0,2.0,70.0,37.0,40.0,2.0,0.0,1.0,0.0,3.9,0.0,187.0,37.0,18.7,0.0,0.0,0.0,25.0,913.0,0.0,0.0,11.5,3600.0,952.7,35.0,1278.2,4.23,0.0,0.0,293.0,0.0,20.5,9.0,0.0
2024-05-07 14:00:00+00:00,0.26,0.0,0.0,36.3,0.0,252.0,1.0,0.0,0.0,1.0,12.4,210.0,642.0,30.0,0.72,71.0,2.0,71.0,36.0,40.0,2.0,0.0,1.0,0.0,4.4,0.0,188.0,35.9,18.5,0.0,0.0,0.0,26.0,852.0,0.0,0.0,8.9,3600.0,952.4,35.1,1211.2,4.21,0.0,0.0,288.0,0.0,20.5,9.1,0.0
2024-05-07 15:00:00+00:00,0.27,0.0,0.0,35.3,0.0,229.0,3.0,0.0,0.0,3.0,12.8,197.0,532.0,27.0,0.63,71.0,1.0,71.0,36.0,39.0,2.0,0.0,1.0,0.0,2.9,0.0,189.0,34.7,18.2,0.0,0.0,0.0,26.0,729.0,0.0,0.0,8.3,3600.0,952.0,34.8,1076.5,4.09,0.0,0.0,278.0,0.0,20.5,9.8,0.0
2024-05-07 16:00:00+00:00,0.26,0.0,0.0,33.6,0.0,222.0,3.0,0.0,0.0,3.0,13.7,174.0,381.0,23.0,0.51,70.0,2.0,70.0,35.0,39.0,2.0,0.0,1.0,0.0,3.0,0.0,184.0,32.4,17.3,0.0,0.0,0.0,29.0,555.0,0.0,0.0,8.4,3600.0,951.8,34.0,883.3,3.75,0.0,0.0,279.0,0.0,20.9,11.3,0.0
2024-05-07 17:00:00+00:00,0.2,0.0,0.0,32.9,0.0,403.0,2.0,0.0,0.0,2.0,16.0,142.0,220.0,0.0,0.34,64.0,10.0,64.0,34.0,39.0,1.0,0.0,1.0,0.0,19.1,0.0,153.0,16.2,11.4,0.0,0.0,0.0,38.0,362.0,0.0,0.0,7.1,3600.0,951.7,32.3,644.8,3.02,0.0,0.0,278.0,0.0,20.9,9.8,0.0
2024-05-07 18:00:00+00:00,0.19,0.0,0.0,31.0,0.0,596.0,1.0,1.0,0.0,0.0,17.0,95.0,78.0,0.0,0.18,54.0,20.0,54.0,33.0,38.0,1.0,0.0,1.0,0.0,39.0,0.0,121.0,20.1,14.0,0.0,0.0,0.0,46.0,173.0,0.0,0.0,7.1,3600.0,951.5,29.6,377.2,2.23,0.0,0.0,283.0,0.0,15.8,7.8,0.0
2024-05-07 19:00:00+00:00,0.16,0.0,0.0,27.4,0.0,866.0,2.0,2.0,0.0,0.0,17.0,26.0,7.0,0.0,0.07,38.0,31.0,30.0,32.0,38.0,1.0,0.0,0.0,0.0,66.3,0.0,76.0,24.9,17.4,0.0,0.0,0.0,58.0,33.0,0.0,0.0,7.0,493.79,951.0,26.0,101.6,1.41,0.0,0.0,300.0,0.0,12.2,7.1,0.0
2024-05-07 20:00:00+00:00,0.14,0.0,0.0,25.2,0.0,1101.0,0.0,0.0,0.0,0.0,15.9,0.0,0.0,0.0,0.03,38.0,38.0,16.0,32.0,37.0,1.0,0.0,0.0,0.0,85.7,0.0,40.0,31.0,21.7,0.0,0.0,0.0,60.0,0.0,0.0,0.0,6.8,0.0,951.0,24.1,0.0,1.2,0.0,0.0,311.0,0.0,12.2,6.6,0.0
2024-05-07 21:00:00+00:00,0.13,0.0,0.0,22.4,0.0,1291.0,0.0,0.0,0.0,0.0,14.6,0.0,0.0,0.0,0.03,41.0,41.0,8.0,31.0,36.0,1.0,0.0,0.0,0.0,91.1,0.0,21.0,36.4,25.4,0.0,0.0,0.0,63.0,0.0,0.0,0.0,6.4,0.0,950.9,22.0,0.0,0.98,0.0,0.0,321.0,0.0,11.2,6.9,0.0
2024-05-07 22:00:00+00:00,0.12,0.0,0.0,21.2,0.0,1445.0,0.0,0.0,0.0,0.0,13.6,0.0,0.0,1.0,0.02,39.0,39.0,4.0,30.0,36.0,1.0,0.0,0.0,0.0,88.6,0.0,11.0,38.4,26.8,0.0,0.0,0.0,63.0,0.0,0.0,0.0,5.8,0.0,950.9,21.0,0.0,0.92,0.0,0.0,333.0,0.0,9.0,6.4,0.0
2024-05-07 23:00:00+00:00,0.12,0.0,0.0,20.3,0.0,1475.0,0.0,0.0,0.0,0.0,12.8,0.0,0.0,1.0,0.03,37.0,37.0,3.0,30.0,36.0,1.0,0.0,0.0,0.0,81.7,0.0,8.0,36.3,25.3,0.0,0.0,0.0,61.0,0.0,0.0,0.0,5.2,0.0,950.9,20.5,0.0,0.94,0.0,0.0,337.0,0.0,9.0,7.4,0.0
2024-05-08 00:00:00+00:00,0.12,0.0,0.0,20.9,0.0,1297.0,0.0,0.0,0.0,0.0,12.0,0.0,0.0,1.0,0.03,35.0,32.0,6.0,30.0,35.0,1.0,0.0,0.0,0.0,69.4,0.0,14.0,30.2,21.0,0.0,0.0,0.0,56.0,0.0,0.0,0.0,4.5,0.0,950.6,21.2,0.0,1.12,0.0,0.0,351.0,0.0,9.0,6.6,0.0
2024-05-08 01:00:00+00:00,0.12,0.0,0.0,20.1,0.0,994.0,0.0,0.0,0.0,0.0,10.9,0.0,0.0,2.0,0.05,35.0,25.0,10.0,29.0,35.0,1.0,0.0,0.0,0.0,52.7,0.0,26.0,23.2,16.0,0.0,0.0,0.0,52.0,0.0,0.0,0.0,3.8,0.0,949.7,21.0,0.0,1.18,0.0,0.0,355.0,0.0,9.0,8.0,0.0
2024-05-08 02:00:00+00:00,0.12,0.0,0.0,18.6,0.0,733.0,0.0,0.0,0.0,0.0,9.6,0.0,0.0,2.0,0.06,35.0,19.0,15.0,29.0,35.0,1.0,0.0,0.0,0.0,38.2,0.0,38.0,18.1,12.3,0.0,0.0,0.0,51.0,0.0,0.0,0.0,3.2,0.0,948.9,20.1,0.0,1.16,0.0,0.0,358.0,0.0,11.5,10.1,0.0
2024-05-08 03:00:00+00:00,0.11,0.0,0.0,18.2,0.0,552.0,0.0,0.0,0.0,0.0,9.5,0.0,0.0,3.0,0.06,34.0,14.0,19.0,29.0,34.0,1.0,0.0,0.0,0.0,27.2,0.0,47.0,14.8,9.8,0.0,0.0,0.0,52.0,0.0,0.0,0.0,2.9,0.0,948.7,19.8,0.0,1.11,0.0,0.0,316.0,0.0,11.9,9.9,0.0
2024-05-08 04:00:00+00:00,0.11,0.0,0.0,18.8,0.0,412.0,0.0,0.0,0.0,0.0,9.9,0.0,0.0,3.0,0.05,34.0,9.0,22.0,29.0,34.0,1.0,0.0,0.0,0.0,18.3,0.0,55.0,12.7,8.2,0.0,0.0,0.0,52.0,0.0,0.0,0.0,2.8,0.0,948.9,20.2,0.0,1.15,0.0,0.0,296.0,0.0,12.2,9.2,0.0
2024-05-08 05:00:00+00:00,0.11,0.0,0.0,18.8,0.0,521.0,0.0,0.0,0.0,0.0,10.2,0.0,0.0,2.0,0.04,34.0,12.0,10.0,29.0,34.0,0.0,0.0,0.0,0.0,24.8,0.0,24.0,13.9,9.2,0.0,0.0,0.0,54.0,0.0,0.0,0.0,2.3,0.0,949.1,19.9,0.0,1.08,0.0,0.0,299.0,0.0,10.4,8.2,0.0
2024-05-08 06:00:00+00:00,0.11,0.0,0.0,23.3,0.0,640.0,1.0,1.0,0.0,0.0,14.8,18.0,4.0,3.0,0.04,34.0,15.0,12.0,29.0,34.0,1.0,0.0,1.0,0.0,29.7,0.0,30.0,14.6,9.6,0.0,0.0,0.0,62.0,22.0,0.0,0.0,2.6,0.0,950.4,22.4,71.3,1.03,0.0,0.0,279.0,0.0,6.5,4.7,0.0
2024-05-08 07:00:00+00:00,0.12,0.0,0.0,26.0,0.0,796.0,20.0,20.0,0.0,0.0,14.9,87.0,63.0,5.0,0.1,34.0,18.0,16.0,29.0,34.0,1.0,0.0,1.0,0.0,35.9,0.0,40.0,20.4,13.1,0.0,0.0,0.0,55.0,150.0,0.0,0.0,3.3,3600.0,951.4,24.6,338.9,1.39,0.0,1.0,270.0,0.0,5.8,1.8,0.0
2024-05-08 08:00:00+00:00,0.13,0.0,0.0,28.3,0.0,857.0,18.0,18.0,0.0,0.0,15.9,138.0,202.0,7.0,0.24,34.0,19.0,24.0,28.0,34.0,1.0,0.0,1.0,0.0,37.6,0.0,60.0,27.3,17.6,0.0,0.0,0.0,51.0,340.0,0.0,0.0,4.8,3600.0,952.1,26.8,609.1,1.71,0.0,0.0,112.0,0.0,10.4,3.9,0.0
2024-05-08 09:00:00+00:00,0.15,0.0,0.0,30.5,0.0,729.0,22.0,22.0,0.0,0.0,15.9,172.0,364.0,10.0,0.4,39.0,15.0,39.0,28.0,34.0,2.0,0.0,1.0,0.0,30.1,0.0,98.0,27.6,15.9,0.0,0.0,0.0,45.0,536.0,0.0,0.0,8.4,3600.0,952.7,29.1,852.8,2.22,0.0,1.0,114.0,0.0,13.7,4.3,0.0
2024-05-08 10:00:00+00:00,0.17,0.0,0.0,33.9,0.0,506.0,93.0,93.0,0.0,0.0,15.5,198.0,509.0,12.0,0.53,63.0,9.0,63.0,28.0,34.0,3.0,0.0,1.0,0.0,18.0,0.0,145.0,29.3,17.1,0.0,0.0,0.0,38.0,707.0,0.0,0.0,12.9,3600.0,953.1,31.4,1053.3,2.83,0.0,3.0,104.0,0.0,13.7,3.0,0.0
2024-05-08 11:00:00+00:00,0.21,0.0,0.0,36.5,0.0,336.0,54.0,54.0,0.0,0.0,14.9,224.0,604.0,14.0,0.64,69.0,4.0,69.0,27.0,34.0,3.0,0.0,1.0,0.0,8.7,0.0,182.0,32.0,19.3,0.0,0.0,0.0,33.0,828.0,0.0,0.0,15.7,3600.0,953.0,33.4,1197.0,3.45,0.0,2.0,113.0,0.0,13.0,2.7,0.0
2024-05-08 12:00:00+00:00,0.25,0.0,0.0,37.9,0.0,284.0,28.0,28.0,0.0,0.0,15.1,229.0,670.0,14.0,0.71,73.0,3.0,73.0,27.0,34.0,3.0,0.0,1.0,0.0,5.1,0.0,200.0,34.7,21.4,0.0,0.0,0.0,31.0,899.0,0.0,0.0,15.4,3600.0,952.8,34.7,1274.1,3.8,0.0,1.0,135.0,0.0,15.1,4.6,0.0
2024-05-08 13:00:00+00:00,0.29,0.0,0.0,38.3,0.0,285.0,0.0,0.0,0.0,0.0,14.2,220.0,685.0,13.0,0.72,74.0,2.0,74.0,27.0,34.0,3.0,0.0,1.0,0.0,4.3,0.0,209.0,34.9,21.7,0.0,0.0,0.0,28.0,905.0,0.0,0.0,13.5,3600.0,952.2,35.3,1279.4,4.11,0.0,0.0,148.0,0.0,15.8,4.7,0.0
2024-05-08 14:00:00+00:00,0.33,0.0,0.0,38.2,0.0,294.0,4.0,4.0,0.0,0.0,13.1,210.0,635.0,12.0,0.66,75.0,2.0,75.0,27.0,34.0,2.0,0.0,1.0,0.0,4.6,0.0,211.0,34.7,21.7,0.0,0.0,0.0,26.0,845.0,0.0,0.0,11.8,3600.0,951.6,35.7,1212.4,4.33,0.0,0.0,153.0,0.0,15.1,2.4,0.0
2024-05-08 15:00:00+00:00,0.33,0.0,0.0,37.2,0.0,270.0,3.0,3.0,0.0,0.0,12.1,193.0,535.0,11.0,0.56,75.0,2.0,75.0,27.0,34.0,2.0,0.0,1.0,0.0,3.1,0.0,212.0,34.2,21.4,0.0,0.0,0.0,24.0,728.0,0.0,0.0,11.0,3600.0,951.1,35.8,1078.0,4.45,0.0,0.0,99.0,0.0,11.5,2.2,0.0
2024-05-08 16:00:00+00:00,0.31,0.0,0.0,35.7,0.0,254.0,0.0,0.0,0.0,0.0,11.6,172.0,386.0,11.0,0.43,74.0,1.0,74.0,27.0,35.0,2.0,0.0,1.0,0.0,2.7,0.0,207.0,33.1,20.6,0.0,0.0,0.0,24.0,558.0,0.0,0.0,10.4,3600.0,950.6,35.5,885.1,4.4,0.0,0.0,99.0,0.0,10.4,2.2,0.0
2024-05-08 17:00:00+00:00,0.18,0.0,0.0,35.4,0.0,329.0,11.0,11.0,0.0,0.0,13.6,142.0,224.0,0.0,0.28,68.0,6.0,68.0,27.0,35.0,2.0,0.0,1.0,0.0,11.8,0.0,175.0,16.0,11.3,0.0,0.0,0.0,28.0,366.0,0.0,0.0,7.7,3600.0,950.1,34.6,646.9,3.94,0.0,0.0,243.0,0.0,7.9,2.4,0.0
2024-05-08 18:00:00+00:00,0.17,0.0,0.0,32.7,0.0,569.0,11.0,10.0,0.0,1.0,17.0,96.0,74.0,0.0,0.22,62.0,17.0,62.0,27.0,35.0,2.0,0.0,1.0,0.0,34.2,0.0,141.0,21.4,15.1,0.0,0.0,0.0,41.0,170.0,0.0,0.0,7.8,3600.0,949.7,31.9,379.8,2.78,0.0,0.0,310.0,0.0,19.1,11.2,0.0
2024-05-08 19:00:00+00:00,0.15,0.0,0.0,28.5,0.0,901.0,1.0,0.0,0.0,0.0,12.6,26.0,8.0,0.0,0.13,38.0,30.0,38.0,27.0,35.0,2.0,0.0,0.0,0.0,65.0,0.0,94.0,28.9,20.3,0.0,0.0,0.0,36.0,34.0,0.0,0.0,8.0,766.28,948.9,29.1,104.3,2.58,0.0,0.0,331.0,0.0,18.4,10.3,0.0
2024-05-08 20:00:00+00:00,0.13,0.0,0.0,24.6,0.0,1163.0,0.0,0.0,0.0,0.0,9.8,0.0,0.0,0.0,0.11,39.0,39.0,22.0,27.0,35.0,2.0,0.0,0.0,0.0,87.5,0.0,55.0,35.0,24.5,0.0,0.0,0.0,35.0,0.0,0.0,0.0,7.9,0.0,948.8,26.2,0.0,2.2,0.0,0.0,332.0,0.0,16.9,10.6,0.0
2024-05-08 21:00:00+00:00,0.12,0.0,0.0,23.5,0.0,1307.0,0.0,0.0,0.0,0.0,9.4,0.0,0.0,0.0,0.09,44.0,44.0,13.0,27.0,35.0,1.0,0.0,0.0,0.0,95.3,0.0,32.0,38.4,27.0,0.0,0.0,0.0,37.0,0.0,0.0,0.0,7.4,0.0,948.8,25.0,0.0,1.98,0.0,0.0,321.0,0.0,15.1,9.2,0.0
2024-05-08 22:00:00+00:00,0.11,0.0,0.0,24.7,0.0,1379.0,0.0,0.0,0.0,0.0,8.2,0.0,0.0,0.0,0.07,43.0,43.0,7.0,27.0,36.0,1.0,0.0,0.0,0.0,94.8,0.0,18.0,38.9,27.2,0.0,0.0,0.0,32.0,0.0,0.0,0.0,6.6,0.0,949.3,26.1,0.0,2.29,0.0,0.0,354.0,0.0,10.8,6.5,0.0
2024-05-08 23:00:00+00:00,0.1,0.0,0.0,21.6,0.0,1360.0,0.0,0.0,0.0,0.0,10.2,0.0,0.0,0.0,0.04,39.0,39.0,5.0,27.0,36.0,1.0,0.0,0.0,0.0,88.3,0.0,12.0,35.7,25.0,0.0,0.0,0.0,46.0,0.0,0.0,0.0,5.7,0.0,948.3,22.4,0.0,1.45,0.0,0.0,4.0,0.0,8.6,5.8,0.0
2024-05-09 00:00:00+00:00,0.1,0.0,0.0,20.5,0.0,1201.0,0.0,0.0,0.0,0.0,9.1,0.0,0.0,0.0,0.05,36.0,33.0,7.0,27.0,36.0,1.0,0.0,0.0,0.0,73.5,0.0,17.0,29.0,20.3,0.0,0.0,0.0,45.0,0.0,0.0,0.0,4.8,0.0,948.2,21.7,0.0,1.44,0.0,0.0,351.0,0.0,9.0,6.9,0.0
2024-05-09 01:00:00+00:00,0.1,0.0,0.0,19.3,0.0,950.0,0.0,0.0,0.0,0.0,8.6,0.0,0.0,0.0,0.07,35.0,25.0,12.0,27.0,35.0,1.0,0.0,0.0,0.0,52.8,0.0,30.0,21.7,15.1,0.0,0.0,0.0,45.0,0.0,0.0,0.0,3.8,0.0,947.1,21.1,0.0,1.39,0.0,0.0,10.0,0.0,12.2,10.2,0.0
2024-05-09 02:00:00+00:00,0.1,0.0,0.0,19.9,0.0,726.0,0.0,0.0,0.0,0.0,7.8,0.0,0.0,0.0,0.08,35.0,18.0,16.0,27.0,35.0,1.0,0.0,0.0,0.0,35.6,0.0,41.0,15.7,10.9,0.0,0.0,0.0,40.0,0.0,0.0,0.0,3.1,0.0,946.6,22.0,0.0,1.57,0.0,0.0,12.0,0.0,13.7,10.3,0.0
2024-05-09 03:00:00+00:00,0.11,0.0,0.0,23.9,0.0,548.0,0.0,0.0,0.0,0.0,7.2,0.0,0.0,0.0,0.04,35.0,12.0,18.0,27.0,35.0,1.0,0.0,0.0,0.0,24.5,0.0,45.0,11.5,7.8,0.0,0.0,0.0,32.0,0.0,0.0,0.0,2.6,0.0,947.1,25.2,0.0,2.2,0.0,0.0,121.0,0.0,11.9,4.2,0.0
2024-05-09 04:00:00+00:00,0.11,0.0,0.0,18.7,0.0,399.0,0.0,0.0,0.0,0.0,8.9,0.0,0.0,1.0,0.04,35.0,8.0,18.0,27.0,35.0,0.0,0.0,0.0,0.0,16.8,0.0,46.0,8.8,5.8,0.0,0.0,0.0,49.0,0.0,0.0,0.0,2.4,0.0,946.8,20.0,0.0,1.19,0.0,0.0,229.0,0.0,9.0,6.6,0.0
2024-05-09 05:00:00+00:00,0.15,0.0,0.0,21.5,0.0,459.0,0.0,0.0,0.0,0.0,9.0,0.0,0.0,0.0,0.02,35.0,10.0,12.0,27.0,35.0,0.0,0.0,0.0,0.0,19.7,0.0,31.0,8.8,6.1,0.0,0.0,0.0,43.0,0.0,0.0,0.0,1.9,0.0,947.6,22.2,0.0,1.54,0.0,0.0,323.0,0.0,9.4,3.6,0.0
2024-05-09 06:00:00+00:00,0.17,0.0,0.0,21.6,0.0,500.0,0.0,0.0,0.0,0.0,11.6,19.0,4.0,0.0,0.05,35.0,11.0,20.0,26.0,35.0,1.0,0.0,1.0,0.0,21.2,0.0,51.0,10.6,7.2,0.0,0.0,0.0,52.0,23.0,0.0,0.0,3.3,0.0,950.1,22.0,73.9,1.28,0.0,0.0,38.0,0.0,9.4,5.9,0.0
2024-05-09 07:00:00+00:00,0.2,0.0,0.0,23.3,0.0,554.0,0.0,0.0,0.0,0.0,12.6,87.0,62.0,0.0,0.15,34.0,12.0,32.0,26.0,34.0,1.0,0.0,1.0,0.0,23.1,0.0,79.0,18.3,12.5,0.0,0.0,0.0,49.0,149.0,0.0,0.0,5.3,3600.0,951.1,23.9,342.1,1.51,0.0,0.0,43.0,0.0,14.8,9.4,0.0
